MATRICULE;NOM;PRENOM;ADRESSE;CP;VILLE;DATEEMBAUCHE;SITE;SERVICE
y62;SALKA;Oussama;30 bd Capuche;80500;ASSAINVILLERS;25/01/2008;Anvers;Administration
u496;LERENDU;Anais;26 av Wassili Kandinski;27480;BEAUFICEL EN LYONS;05/03/1998;Anvers;Administration
w32;SABIN;Elisa;76 r Wassili Kandinski;48130;AUMONT AUBRAC;01/08/1997;Anvers;Administration
l460;LECORNU;Jean-Bernard;4 bd Mar Foch;72000;LA FERTE BERNARD;24/01/1997;Anvers;Administration
y54;LEVASSEUR;Manon;84 pl Henry Dunant;29780;PLOUHINEC;30/06/1996;Anvers;Administration
h73;LIURETTE;I-Yun;41 bd Chateaubriand;74410;DUINGT;10/10/1992;Anvers;Administration
g103;SACKO;El Moustapha;4 r de la prairie;54200;ANDILLY;06/06/1983;Anvers;Administration
c45;GIOT;Tristan;113 av La Fontaine;45300;ASCOUX;24/12/2007;Anvers;Commercial
v7;DELISLE;Mehdi;76 bd Dalembert;74250;BOGEVE;17/07/2007;Anvers;Commercial
o73;JOHRI;Laura;78 bd Pascale;76590;ANNEVILLE SUR SCIE;23/02/2007;Anvers;Commercial
y247;KISSIE;Guillaume;37 av Monet;39130;BARESIA SUR L AIN;16/01/2005;Anvers;Commercial
x56;FIRMIN;Yassine;69 av Wassili Kandinski;24600;ALLEMANS;13/08/2004;Anvers;Commercial
j263;LAIR;Geoffrey;92 av George Sand;14480;AMBLIE;07/05/2000;Anvers;Commercial
d58;DUMESNIL;Julien;2 av Jeanne d'Arc;62219;LONGUENESSE;12/01/1999;Anvers;Commercial
y448;GHISLAIN;Ines;4 av des champs;50580;CANVILLE LA ROCQUE;26/08/1997;Anvers;Commercial
n77;HIRTZIG;Anouck;18 bd George Sand;58230;ALLIGNY EN MORVAN;29/09/1995;Anvers;Commercial
u14;EL BOUZAIDI;Victoria;65 bd de la forêt;49530;BOUZILLE;07/06/1991;Anvers;Commercial
w16;DJIMI;Jeffrey;56 pl Molière;25620;BONNEVAUX LE PRIEURE;20/10/1988;Anvers;Commercial
c60;DELATTRE;Jérôme;10 pl Mazarin;39570;BAUME LES MESSIEURS;28/08/1988;Anvers;Commercial
t452;JEMO;Nabil;96 av de la forêt;52250;APREY;11/06/1988;Anvers;Commercial
e62;DUCHEMIN;Myriam;18 av de la prairie;88700;ANGLEMONT;04/06/1982;Anvers;Commercial
h43;DONGARD;Romane;70 av Henri Dunan;13310;ST MARTIN DE CRAU;01/02/1982;Anvers;Commercial
r257;FOUQUE;Morgane;82 av Léonard de Vinci;62124;BARASTRE;31/03/1981;Anvers;Commercial
f78;LAMBERT;Clement;27 r Uma Thurman;52210;ARC EN BARROIS;17/09/2011;Anvers;Fret&Maintenance
w27;MILSTEIN;Vincent;12 pl Etienne Marcel;25360;ADAM LES PASSAVANT;30/07/2011;Anvers;Fret&Maintenance
t148;JEAN JACQUES;Solenn;6 av Louis Lumière;74800;AMANCY;04/05/2011;Anvers;Fret&Maintenance
d73;LOREE;Ines;15 r Monet;14310;AMAYE SUR SEULLES;27/04/2010;Anvers;Fret&Maintenance
n35;LAUVERNIER;Ludovic;53 av Richelieu;20244;AITI;09/05/2009;Anvers;Fret&Maintenance
u538;HOSSNI;Estelle;89 bd Dagobert;35560;ANTRAIN;20/06/2008;Anvers;Fret&Maintenance
o44;LOUVEL;Thomas;72 bd de Paris;59127;DEHERIES;04/03/2008;Anvers;Fret&Maintenance
o115;GUIGUE;Maxime;106 av Nikki de St Phalle;22170;BOQUEHO;01/02/2008;Anvers;Fret&Maintenance
i17;MA;Carla;18 bd Mannet;73630;DOUCY EN BAUGES;07/11/2007;Anvers;Fret&Maintenance
c394;MOKHTAR;Manon;28 r Alexandre 1er;1350;ANGLEFORT;23/10/2007;Anvers;Fret&Maintenance
a99;MEUNIER;Taïna;53 bd du père Noël;28200;CHATEAUDUN;23/03/2007;Anvers;Fret&Maintenance
u50;LAVANANT;Alexandra;25 r Bob Marley;64160;ABERE;08/11/2006;Anvers;Fret&Maintenance
g20;LEROUX;Chloé;119 r Nikki de St Phalle;81340;ASSAC;15/02/2006;Anvers;Fret&Maintenance
d305;LAPORTE;Noémie;49 bd Bonaparte;76450;AUBERVILLE LA MANUEL;12/11/2005;Anvers;Fret&Maintenance
y208;JULIEN;Kevin;90 pl Louis Lumière;11340;BELCAIRE;05/03/2005;Anvers;Fret&Maintenance
y81;MBOUA;Elian;41 bd de la Mairie;79300;BOISME;01/03/2004;Anvers;Fret&Maintenance
a14;LEMB;Nicolas;93 bd George Sand;62130;BEAUVOIS;17/02/2003;Anvers;Fret&Maintenance
g83;LANGLIN;Valentin;31 pl Lieut Chabal;36210;ANJOUIN;16/01/2003;Anvers;Fret&Maintenance
l70;LARAVINE;Florian;61 r Mozart;57200;BLIES EBERSING;24/10/2002;Anvers;Fret&Maintenance
v219;LAPLANCHE;Mélanie;39 av Albert Camus;50250;BAUDREVILLE;20/08/2001;Anvers;Fret&Maintenance
q63;M'GOMRI;Lea;79 av Van Gogh;46800;BAGAT EN QUERCY;20/03/2001;Anvers;Fret&Maintenance
d19;LEMEUNIER;Wahib;10 r de la forêt;27170;BARC;05/07/2000;Anvers;Fret&Maintenance
y17;LARTIGAU;Florian;22 av Clovis;67110;DAMBACH;05/03/1999;Anvers;Fret&Maintenance
o28;LAMBERT;Virgil;46 r Alexandre 1er;57970;BASSE HAM;04/02/1999;Anvers;Fret&Maintenance
r84;LECORDONNIER;Soumia;116 pl Beauvoir;76480;ANNEVILLE AMBOURVILLE;21/01/1999;Anvers;Fret&Maintenance
s115;JEUF;Sarah;93 r Vauban;48400;BARRE DES CEVENNES;17/08/1998;Anvers;Fret&Maintenance
j80;LANGEARD;Hugues;39 av Jean Perrot;93000;BAGNOLET;18/06/1998;Anvers;Fret&Maintenance
h30;IGIGABEL;Guy;33 gal Arlequin;94000;CRETEIL;26/04/1998;Anvers;Fret&Maintenance
o516;LABOURe-MOREL;Saout;38 cours Berriat;52000;CHAUMONT;25/02/1998;Anvers;Fret&Maintenance
w44;KONRAD;Michael;55 r Charlemagne;86240;CROUTELLE;23/03/1997;Anvers;Fret&Maintenance
t180;MEGHERBI-TORRE;Lucile;33 av Mitterand;24460;AGONAC;29/01/1997;Anvers;Fret&Maintenance
d105;HERNANDEZ;Aureline;93 bd Sartre;47360;COURS;06/01/1997;Anvers;Fret&Maintenance
g3;LUTIGNIER;Valentin;109 bd Picasso;88600;AYDOILLES;30/12/1996;Anvers;Fret&Maintenance
w4;LAAOUEJ;Perrine;118 pl Albert Camus;27460;ALIZAY;15/09/1996;Anvers;Fret&Maintenance
c139;HILPERT;Melanie;107 av Mannet;4270;BEYNES;17/04/1996;Anvers;Fret&Maintenance
n42;LETESSIER;Stephane;5 chem Capuche;27000;EVREUX;06/03/1996;Anvers;Fret&Maintenance
l87;LAVASTE;Ophélie;41 bd Gabriel Péri;35540;LE TRONCHET;19/09/1995;Anvers;Fret&Maintenance
p82;HARIRI;Marjorie;108 bd Dagobert;44850;LE CELLIER;06/06/1995;Anvers;Fret&Maintenance
y59;JOUBAY;Benoit;56 r Prevert;71370;BAUDRIERES;20/04/1994;Anvers;Fret&Maintenance
q239;MESSELMI;Virginie;41 bd Molière;2190;AGUILCOURT;06/04/1994;Anvers;Fret&Maintenance
p45;LEMAINE;Vincent;16 r Rembrant;9300;BELESTA;10/02/1993;Anvers;Fret&Maintenance
p32;MARCOUILLER;Gerard;7 pl St Gilles;91000;ISSY LES MOULINEAUX;24/12/1992;Anvers;Fret&Maintenance
j50;LANDRe;Philippe;4 av Gen Laperrine;59000;LILLE;16/12/1992;Anvers;Fret&Maintenance
b83;LEBEAU;Mickael;99 pl Lieut Chabal;27370;AMFREVILLE LA CAMPAGNE;01/07/1992;Anvers;Fret&Maintenance
b24;MIALINKO;Victor;20 r Albert Camus;67250;ASCHBACH;24/05/1992;Anvers;Fret&Maintenance
k99;LAGNIEL;Justine;32 av Van Gogh;39110;ABERGEMENT LES THESY;19/03/1992;Anvers;Fret&Maintenance
m44;MEUNIER;Virginie;86 pl Henri Dunan;80800;AUBIGNY;21/10/1991;Anvers;Fret&Maintenance
a225;MARRET;Ismaël;93 bd Beauvoir;14240;ANCTOVILLE;29/06/1991;Anvers;Fret&Maintenance
m116;KROVIAKOV;Aurélie;5 r Salvador Dali;57990;HUNDLING;27/10/1990;Anvers;Fret&Maintenance
m45;LESAULNIER;Pascal;47 r Thiers;57000;METZ;13/10/1990;Anvers;Fret&Maintenance
l90;MORADO;Fatima Zahra;63 r Molière;18300;BANNAY;01/09/1990;Anvers;Fret&Maintenance
x96;KRASSLER;Coralie;5 r du père Noël;83210;BELGENTIER;20/05/1990;Anvers;Fret&Maintenance
n87;LEPAIN;Jennyfer;41 pl Molière;35137;BEDEE;12/02/1990;Anvers;Fret&Maintenance
o67;GEORGEL;Élise;60 r Sartre;88800;BELMONT SUR VAIR;30/08/1989;Anvers;Fret&Maintenance
k9;LECESTRE;Thibaud;20 av Etienne Marcel;23120;BANIZE;13/08/1989;Anvers;Fret&Maintenance
b12;HISBOE;Anael;45 pl Bon Repos;1440;VIRIAT;17/12/1988;Anvers;Fret&Maintenance
m542;LOUAINTIER;Alexandre;101 bd Rembrant;60350;ATTICHY;22/09/1988;Anvers;Fret&Maintenance
a21;HUMILIERE;Julie;90 pl Voltaire;59680;CERFONTAINE;29/09/1987;Anvers;Fret&Maintenance
f33;GOZE;Eloïse;53 av Sidonie Jacolin;26220;COMPS;15/07/1987;Anvers;Fret&Maintenance
v108;KRZYZANIAK;Mathilde;106 bd Mitterand;63440;BLOT L EGLISE;07/05/1987;Anvers;Fret&Maintenance
j55;JEHENNE;Ilyes;34 r Wassili Kandinski;60190;ARSY;26/12/1986;Anvers;Fret&Maintenance
l355;KNEZEVIC;Elise;50 r Johnny Halliday;55300;AMBLY SUR MEUSE;06/05/1986;Anvers;Fret&Maintenance
l504;LARCHERON;Florian;16 bd JB Poclain ;55840;THIERVILLE SUR MEUSE;21/09/1985;Anvers;Fret&Maintenance
c48;KHOULLAK;Emeric;54 bd Salvador Dali;59680;CERFONTAINE;01/07/1984;Anvers;Fret&Maintenance
h112;MASSON;Chloe;120 r Bonaparte;10150;AUBETERRE;22/04/1984;Anvers;Fret&Maintenance
e483;LOPEZ;Madlyna;102 pl Aubert Dubayet;88630;AVRANVILLE;27/09/1982;Anvers;Fret&Maintenance
o33;GUIBERT;Joris;54 pl de la prairie;47210;BOURNEL;24/04/1982;Anvers;Fret&Maintenance
i170;KHALI;Michel-Guy;103 av Louis Lumière;14360;TROUVILLE SUR MER;14/03/1981;Anvers;Fret&Maintenance
r36;LEMAIRE;Marc;101 pl D'Alger;25680;AVILLEY;17/01/1981;Anvers;Fret&Maintenance
e101;MALLARD;Alexandre;55 bd Capuche;11150;BRAM;04/01/1981;Anvers;Fret&Maintenance
j226;LAMOUREUX;Jennifer;77 r Capuche;57320;ALZING;12/12/1980;Anvers;Fret&Maintenance
f106;LAMBERT;Katarina;56 av Jules César;61390;BRULLEMAIL;17/06/1980;Anvers;Fret&Maintenance
c35;MAGNESSE;Kevin;77 pl Gabriel Péri;24310;BIRAS;05/06/1980;Anvers;Fret&Maintenance
i98;HIER;Arthur;63 av Sidonie Jacolin;9000;ARABAUX;22/01/1980;Anvers;Fret&Maintenance
i13;PINA;Laura;57 av Vauban;64120;AICIRITS CAMOU SUHAST;18/04/2006;Anvers;SIP
l96;PIPINO;Benjamin;39 r Sartre;32430;ARDIZAS;21/09/1983;Anvers;SIP
c92;GIRONDEAU;Angelina;64 pl Bonaparte;36500;ARGY;30/11/2010;Barcelone;Administration
e15;FERRETTI;Romain;22 r Picotière;62580;ARLEUX EN GOHELLE;21/11/1999;Barcelone;Administration
c41;DULONG;Léon;95 bd de l'Eglise;16260;CELLEFROUIN;16/12/1995;Barcelone;Administration
w317;FERDINAND;Marion;111 bd Camus;78440;BRUEIL EN VEXIN;13/08/1991;Barcelone;Administration
e5;ENAULT-PASCREAU;Celine;25B r Stalingrad;40000;MONT DE MARSAN;27/11/1990;Barcelone;Administration
x81;DURAND;Julien;60 av Alexandre 1er;32270;ANSAN;11/06/1988;Barcelone;Administration
i10;DUMUR;Loretta;81 av de l'Eglise;60310;AMY;30/07/1982;Barcelone;Administration
x91;DJOCO;Milani;61 pl Sartre;78550;BAZAINVILLE;14/06/1980;Barcelone;Administration
i31;CALDERAN;Manon;34 r Angus Young;20133;CARBUCCIA;22/03/2010;Barcelone;Architecture
x527;DURAND;Quentin;3 av Vercingétorix;71160;DIGOIN;12/03/2003;Barcelone;Architecture
d8;GAGNAIRE;Margaux;91 av Baltazar;32500;BRUGNENS;29/11/1991;Barcelone;Architecture
f95;FORTIN;Sinead;52 r Monet;28210;BRECHAMPS;04/03/1990;Barcelone;Architecture
j26;CLOATRE;Laétitia;37 bd de la Mairie;28270;BEAUCHE;18/03/1987;Barcelone;Architecture
l88;FERRADJI;Pauline;95 r Baudelaire;80500;ASSAINVILLERS;15/02/1986;Barcelone;Architecture
q22;CLEMENT;Francois;21 r Henri Dunan;78280;GUYANCOURT;06/11/1984;Barcelone;Architecture
t198;BLOT;Ludovic;63 pl Thiers;59420;MOUVAUX;05/08/2009;Barcelone;Commercial
v454;CHAMOIN;Lucille;106 av Foucher;89160;ANCY LE FRANC;21/03/2005;Barcelone;Commercial
h27;CALDERAN;Wisseme;107 r Rimbaud;37530;CANGEY;05/06/2004;Barcelone;Commercial
e12;CARON;Léa;82 pl de la mer;30190;AUBUSSARGUES;03/03/2004;Barcelone;Commercial
j104;CHEVALIER;Lea;39 bd Camus;2220;AUGY;21/11/2003;Barcelone;Commercial
s43;BOUET;Anthony;35 r Pascale;80140;ANDAINVILLE;16/07/1999;Barcelone;Commercial
j3;CARRARA;Martin;49 bd Etienne Marcel;24120;BEAUREGARD DE TERRASSON;16/12/1998;Barcelone;Commercial
b39;CHAPPE;Suzanna;102 pl Mannet;76550;AMBRUMESNIL;20/08/1996;Barcelone;Commercial
t252;BOUTI;Claire;76 av Salvador Dali;40320;ARBOUCAVE;30/10/1995;Barcelone;Commercial
f196;COZLER;Mathieu;9 bd Mar Foch;21110;AISEREY;19/08/1993;Barcelone;Commercial
j10;BLONDEAU;Michel;78 bd Balzac;65170;ARAGNOUET;01/11/1992;Barcelone;Commercial
o31;BOUREZGUE;Noémie;49 av Rimbaud;20228;BARRETTALI;26/12/1985;Barcelone;Commercial
k49;BENDRA;Delal;3 bd Wassili Kandinski;8130;ALLAND HUY ET SAUSSEUIL;02/07/1985;Barcelone;Commercial
s4;BONNAFOUX;Arthur;119 av Uma Thurman;12460;CAMPOURIEZ;14/09/1983;Barcelone;Commercial
k72;BOUHOT;Flavien;29 r des champs;2700;AMIGNY ROUY;15/01/1983;Barcelone;Commercial
a564;MOURZIK;Ismail;19 av François 1er;48190;ALLENC;13/08/2011;Barcelone;Communication
k166;POIRIER;Victor;51 av Mazarin;20217;CANARI;20/09/2008;Barcelone;Communication
x119;MOSTOWSKI;Alexandre;56 r Gabriel Péri;38870;BRESSIEUX;29/01/2004;Barcelone;Communication
f330;MULLER-ABDOUL-MANINROUDIN;Helene;2 bd Bonaparte;66220;ANSIGNAN;06/06/1995;Barcelone;Communication
u11;RIZK;Pauline;107 av Rimbaud;76270;AUVILLIERS;20/09/1994;Barcelone;Communication
i30;ROBIN;Florine;109 pl G. De Gaule;49700;AMBILLOU CHATEAU;18/06/1994;Barcelone;Communication
i69;MINTON;Salim;92 av du père Noël;2150;LA SELVE;19/11/1991;Barcelone;Communication
m428;RICHE;Amandine;67 bd Uma Thurman;59600;ASSEVENT;20/10/1984;Barcelone;Communication
r17;RIABOFF;Sébastien;7 r Sartre;24250;BOUZIC;20/02/1984;Barcelone;Communication
a144;ESSAKI;Yann;102 r Mitterand;33410;BEGUEY;07/01/2011;Barcelone;Design
q7;JOUAHI;Hadrien;65 pl Capuche;19500;BRANCEILLES;28/05/2006;Barcelone;Design
u87;JOURDAIN;Luca;16 bd Jules Vernes;55200;BONCOURT SUR MEUSE;15/01/2004;Barcelone;Design
o119;HUGUES;Justine;117 av Amin Mallouf;11560;FLEURY D AUDE;03/08/2000;Barcelone;Design
p101;GHEDBANE;Nadjia;56 pl Etienne Marcel;45210;BAZOCHES SUR LE BETZ;21/11/1999;Barcelone;Design
e24;DESNOST;Pierre;16 r Barral de Montferrat;55000;VERDUN;17/05/1993;Barcelone;Design
q44;DENIS;Laura;28 bd D'Alger;45190;BEAUGENCY;21/11/1982;Barcelone;Design
f1;LAVALETTE;Chahrazed;22 r Bon Repos;80340;BRAY SUR SOMME;29/03/1982;Barcelone;Design
d93;DEGEUSE;Sarah;84 r Louis Lumière;65140;ANSOST;12/07/1980;Barcelone;Design
e552;PAYEN;Eva;72 av Foucher;2130;ARCY STE RESTITUE;29/04/2011;Barcelone;Fret&Maintenance
y72;ROYER;Mina;65 pl Monet;71990;LA COMELLE;12/11/2009;Barcelone;Fret&Maintenance
a104;SAINT CYR;Elison;115 pl Van Gogh;43300;AUVERS;12/02/2009;Barcelone;Fret&Maintenance
c43;SEPIETER;Yamina;65 r Louis XIII;16310;CHERVES CHATELARS;11/10/2008;Barcelone;Fret&Maintenance
o37;SU;Antoine;7 bd Camus;54370;ARRACOURT;31/01/2007;Barcelone;Fret&Maintenance
l120;SABOUREAU;Mariane;10 r Sartre;55220;HEIPPES;21/12/2006;Barcelone;Fret&Maintenance
l2;PIRE;Agnike;32 bd Clovis;54450;AMENONCOURT;25/12/2005;Barcelone;Fret&Maintenance
p112;ROHAT;Doryan;103 r Amin Mallouf;82370;CAMPSAS;05/07/2005;Barcelone;Fret&Maintenance
n52;RAZET;Fatou;52 pl Jules César;57500;ST AVOLD;27/04/2005;Barcelone;Fret&Maintenance
a43;SABIN;Fabien;110 av Mannet;31350;BLAJAN;13/08/2004;Barcelone;Fret&Maintenance
y39;SILLARO;Joséf;12 r Anatole France;32700;CASTERA LECTOUROIS;08/11/2003;Barcelone;Fret&Maintenance
j118;RONFARD HARET;Mafata;84 av Léonard de Vinci;97128;GOYAVE;11/10/2003;Barcelone;Fret&Maintenance
a22;TARDIVEL;Thomas;101 bd Camus;31480;BELLESSERRE;15/09/2002;Barcelone;Fret&Maintenance
b412;PLANAS;Perrine;86 pl Jules César;28240;BELHOMERT GUEHOUVILLE;30/04/2002;Barcelone;Fret&Maintenance
g9;TAQUET;Lena;109 pl St Gilles;21160;CORCELLES LES MONTS;04/10/2001;Barcelone;Fret&Maintenance
x30;SALWINSKA;Cécile;66 r Mozart;87260;PIERRE BUFFIERE;05/07/1999;Barcelone;Fret&Maintenance
t79;POSTEL;Valentine;89 av Vivaldi;24270;ANGOISSE;29/01/1999;Barcelone;Fret&Maintenance
f116;SUNER;Karim;54 av Mannet;22400;ANDEL;01/02/1998;Barcelone;Fret&Maintenance
x23;RABOULIN;Mélanie;28 bd Henri Dunan;38220;CHOLONGE;26/10/1997;Barcelone;Fret&Maintenance
u26;SALSAC;Mohamed;73 bd Amin Mallouf;22490;LANGROLAY SUR RANCE;22/07/1997;Barcelone;Fret&Maintenance
j410;TELLET-LARENTE;Pierre;79 av Salvador Dali;54110;ANTHELUPT;09/03/1997;Barcelone;Fret&Maintenance
j63;SEGUIER;Léonor;61 bd Foucher;82160;CASTANET;01/09/1996;Barcelone;Fret&Maintenance
m61;PEREIRA;Justine;95 pl Ernest Renan;64230;ARBUS;23/07/1996;Barcelone;Fret&Maintenance
g446;SAVOUNIEN;Clemence;114 av Poussin;19500;BRANCEILLES;27/12/1994;Barcelone;Fret&Maintenance
r92;RAZAFINDRABE;Clément;108 bd Prevert;10270;BOURANTON;04/08/1994;Barcelone;Fret&Maintenance
s86;SCHMITT;Julien;90 bd Henry Dunant;39130;BARESIA SUR L AIN;04/08/1994;Barcelone;Fret&Maintenance
r542;PAUCHET;Laura;47 pl Bob Marley;51170;AOUGNY;19/07/1994;Barcelone;Fret&Maintenance
m105;STOQUER;Théophile;59 pl Henry Dunant;31530;BELLEGARDE STE MARIE;26/07/1993;Barcelone;Fret&Maintenance
n50;RESENDE E SOUSA;Lea;4 r Mazarin;29150;CAST;19/05/1993;Barcelone;Fret&Maintenance
j25;PAJANIRASSA;Ngoc-Thanh Pierre;114 r St Gilles;80240;AIZECOURT LE BAS;03/12/1992;Barcelone;Fret&Maintenance
w330;POMARES;Charline;53 bd Rimbaud;2120;AUDIGNY;21/09/1992;Barcelone;Fret&Maintenance
s99;SHAMS-ESSHAGHY;Sami;104 bd Albert Camus;78650;BEYNES;07/09/1991;Barcelone;Fret&Maintenance
a64;REGNIER;Thibault;77 bd Foucher;33870;VAYRES;03/11/1990;Barcelone;Fret&Maintenance
j30;PEREIRA;Magali;99 r Etienne Marcel;51270;BANNAY;11/09/1990;Barcelone;Fret&Maintenance
w280;PETIT;Cedric;3 r Monet;61420;FONTENAI LES LOUVETS;11/08/1990;Barcelone;Fret&Maintenance
j169;RAZET;Adam;119 bd de Lyon;57420;BUCHY;07/08/1990;Barcelone;Fret&Maintenance
s445;RALISON;Christophe;120 bd Thiers;27480;BEAUFICEL EN LYONS;07/03/1990;Barcelone;Fret&Maintenance
m530;PERNOT;Claude-Noel;6 r Alexandre 1 de Yougoslavie;11000;NARBONNE;01/03/1990;Barcelone;Fret&Maintenance
c5;TALHAOUI;Lucia;91 r Gabriel Péri;35720;LANHELIN;13/02/1990;Barcelone;Fret&Maintenance
g359;RAVASIO;Mohamed;10 bd Johnny Halliday;90300;CRAVANCHE;07/01/1990;Barcelone;Fret&Maintenance
w119;SOULANS;Jonathan;53 r Rembrant;76700;GAINNEVILLE;08/11/1989;Barcelone;Fret&Maintenance
v10;SALIM;Pierre;15 bd Richelieu;31750;ESCALQUENS;22/09/1989;Barcelone;Fret&Maintenance
f37;POTIER;Louis;19 pl Amin Mallouf;57175;GANDRANGE;24/11/1988;Barcelone;Fret&Maintenance
t244;PERTUY;Myriam;57 pl Bonaparte;16440;CLAIX;27/01/1987;Barcelone;Fret&Maintenance
i16;ROYO;William;76 av Anatole France;41800;ARTINS;25/07/1986;Barcelone;Fret&Maintenance
k87;SIDIBE;Nassera;94 bd Johnny Halliday;62116;ABLAINZEVELLE;21/06/1986;Barcelone;Fret&Maintenance
b464;PILLAUDIN;Jerome;113 av Picasso;90160;BESSONCOURT;06/07/1985;Barcelone;Fret&Maintenance
s9;POIRIER;Nicolas;36 pl Mitterand;14690;COSSESSEVILLE;08/05/1985;Barcelone;Fret&Maintenance
p434;RAKOTOZAFY;Natacha;67 pl Vauban;84600;GRILLON;19/12/1984;Barcelone;Fret&Maintenance
j110;TESTI;Lou;50 bd George Sand;4200;AUBIGNOSC;27/11/1984;Barcelone;Fret&Maintenance
l404;RIBEIRO;Lauren;87 bd George Sand;22270;DOLO;11/08/1984;Barcelone;Fret&Maintenance
u15;REYNARD;Margaux;87 pl Vercingétorix;81120;DENAT;13/04/1984;Barcelone;Fret&Maintenance
o92;RICHARD;Miguel;20 r Baltazar;22230;GOMENE;10/03/1984;Barcelone;Fret&Maintenance
i110;PEREIRA;Manon;19 bd Etienne Marcel;51240;ABLANCOURT;20/08/1983;Barcelone;Fret&Maintenance
u39;REDONDI;Ismaël;54 bd Bob Marley;50760;ANNEVILLE EN SAIRE;10/08/1983;Barcelone;Fret&Maintenance
n494;RUOTTE;Soukaïna;68 bd Foucher;10360;CUNFIN;19/02/1983;Barcelone;Fret&Maintenance
i29;PILLAUDIN;Samih;8 av de Paris;76120;LE GRAND QUEVILLY;11/10/1982;Barcelone;Fret&Maintenance
y76;RAFFALLI;Latif;9 av Mazarin;79200;ADILLY;05/03/1982;Barcelone;Fret&Maintenance
n47;ROUXEL;Alexia;25 av Victor Hugo;35320;CREVIN;17/01/1981;Barcelone;Fret&Maintenance
h307;PINOY;Raphaëlle;3 r Albert Camus;37600;BEAULIEU LES LOCHES;22/01/1980;Barcelone;Fret&Maintenance
y71;SERVANT;Gordon;114 av Louis XIII;67390;ARTOLSHEIM;22/05/2004;Barcelone;SIP
r62;POSTIC;Valentin;94 av Bob Marley;25430;BELVOIR;20/06/1997;Barcelone;SIP
x18;DUFOUR;Léa;91 bd Dalembert;26270;CLIOUSCLAT;02/10/1981;Barcelone;SIP
h76;POUVESLE;Lea;38 av Charlemagne;79000;BESSINES;16/09/1981;Barcelone;SIP
k118;JAVAUD;Romain;22 r Salvador Dali;45290;BOISMORAND;08/06/2010;Hambourg;Administration
d61;TCHIMOU;Hamza;105 bd Van Gogh;2500;ANY MARTIN RIEUX;21/01/2008;Hambourg;Administration
e112;GOMES;Celia;58 av Dalembert;11110;ARMISSAN;20/09/2000;Hambourg;Administration
l153;GONDAL;Julien;85 pl Beauvoir;22480;CANIHUEL;17/04/1993;Hambourg;Administration
i75;VAN HORDE;Rémi;88 r Angus Young;71380;ALLERIOT;26/03/1987;Hambourg;Administration
w92;JOUVIN;Geoffrey;112 bd Sartre;59470;BAMBECQUE;20/09/1985;Hambourg;Administration
r69;RIGOT;Jeremy;92 av Nikki de St Phalle;59730;BEAURAIN;29/10/2007;Hambourg;Commercial
f41;RATIER;Othmane;72 pl Baudelaire;16130;ANGEAC CHAMPAGNE;26/02/2007;Hambourg;Commercial
w12;ROBELEK;Clarisse;54 pl Thiers;34290;ABEILHAN;04/01/2006;Hambourg;Commercial
l54;ROCHELLE;Floriane;41 r Vauban;46140;ALBAS;04/01/2000;Hambourg;Commercial
i23;RENTET;Maéva;30 pl Wassili Kandinski;50310;AZEVILLE;07/02/1998;Hambourg;Commercial
t71;MONFORT;Marin;56 av de la prairie;29820;BOHARS;28/04/1994;Hambourg;Commercial
h32;SENEJOUX;Antoine;89 av Lieut Chabal;37130;BREHEMONT;29/12/1987;Hambourg;Commercial
r65;PIMONT;Mouhcine;17 pl Molière;7380;CHIROLS;12/03/1986;Hambourg;Commercial
o102;SAINT-GERMAIN;Lea;40 av Johnny Halliday;83170;BRIGNOLES;16/06/1981;Hambourg;Commercial
o5;SCHNITZLER;Jean;7 r Lieut Chabal;86290;BRIGUEIL LE CHANTRE;10/11/1999;Hambourg;Communication
k56;SCOMOROVSCHI;Benitha;66 av Vauban;47270;CLERMONT SOUBIRAN;03/02/1994;Hambourg;Communication
x26;TOILLON-VERRIER;Eloïse;24 pl Nikki de St Phalle;23240;CHAMBORAND;18/06/1991;Hambourg;Communication
k113;TATLI;Betty;64 av Vercingétorix;10190;BERCENAY EN OTHE;08/10/1986;Hambourg;Communication
y464;URBAIN;Julie;110 pl Mozart;64170;ARTIX;14/05/1984;Hambourg;Communication
h305;TILHAC;Julie;85 bd Balzac;21450;AMPILLY LES BORDES;24/07/1980;Hambourg;Communication
l557;SILVA;Romain;3 bd Etienne Marcel;42130;AILLEUX;22/01/1980;Hambourg;Communication
y38;MOUGET;Elisa;14 av Foucher;76110;ANGERVILLE BAILLEUL;20/02/2011;Hambourg;Fret&Maintenance
f68;CHOUAIAR;Cassidy;23 r Mitterand;45300;ASCOUX;22/03/2010;Hambourg;Fret&Maintenance
l68;MULLER;Etienne;48 bd Balzac;54385;AVRAINVILLE;22/05/2009;Hambourg;Fret&Maintenance
a10;NEAU;Julie;33 av Bonaparte;89113;BRANCHES;16/06/2008;Hambourg;Fret&Maintenance
f45;NAUTS;Andy;24 av Beauvoir;72370;ARDENAY SUR MERIZE;11/10/2007;Hambourg;Fret&Maintenance
x47;MORETTO;Julia;54 bd Molière;18210;BANNEGON;20/08/2007;Hambourg;Fret&Maintenance
f232;NOUMRI;Anne-Christelle;102 av Lieut Chabal;80150;AGENVILLERS;21/04/2007;Hambourg;Fret&Maintenance
b241;PAUCHET;Renaud;50 bd D'Alger;11140;ARTIGUES;10/04/2007;Hambourg;Fret&Maintenance
i11;OURY;Yoann;30 bd Etienne Marcel;70200;ADELANS ET LE VAL DE BITHAINE;12/12/2004;Hambourg;Fret&Maintenance
s88;OTMANI;Emilie;30 av Charlemagne;74200;ALLINGES;23/09/2004;Hambourg;Fret&Maintenance
v68;MORTAIGNE;Klervie;99 av Mar Foch;76680;ARDOUVAL;09/05/2004;Hambourg;Fret&Maintenance
k100;OULDMMOU;Loïc;79 av Lieut Chabal;64460;AAST;30/11/2001;Hambourg;Fret&Maintenance
m81;PARLOUER;Sarah;82 bd Picasso;33460;ARCINS;31/10/2001;Hambourg;Fret&Maintenance
q60;NOURY;Pauline;51 av Beauvoir;21350;ARNAY SOUS VITTEAUX;25/09/2001;Hambourg;Fret&Maintenance
m338;OUAI;Stephane;70 av Vivaldi;66200;ALENYA;26/04/2001;Hambourg;Fret&Maintenance
k46;PAINEAU;Marina;37 r Picotière;64350;ANOYE;07/06/1997;Hambourg;Fret&Maintenance
e404;ORRO-MOUSSA;Adiba;34 bd Capuche;17770;AUJAC;26/05/1997;Hambourg;Fret&Maintenance
d564;PASCREAU;Charles;57 bd Mar Foch;64000;PAU;30/03/1997;Hambourg;Fret&Maintenance
m42;NEAU;Jonathan;92 bd Charlemagne;55400;ABAUCOURT HAUTECOURT;12/06/1996;Hambourg;Fret&Maintenance
u86;NGUYEN;Jordan;16 av Wassili Kandinski;32480;BERRAC;01/04/1996;Hambourg;Fret&Maintenance
o403;BENAROCHE;Corentin;92 bd Rembrant;89450;ASQUINS;22/02/1996;Hambourg;Fret&Maintenance
b59;COTTIN;Vincenne;36 sq Capucins;5000;GAP;21/10/1995;Hambourg;Fret&Maintenance
c88;COPPEE;Joris;23 pl Beauvoir;84220;BEAUMETTES;30/08/1995;Hambourg;Fret&Maintenance
t113;NOTINI;Veronique;5 r Lieut Chabal;60000;BEAUVAIS;12/12/1994;Hambourg;Fret&Maintenance
h100;PERENNES;Laurence;54 r de Paris;42360;COTTANCE;25/10/1994;Hambourg;Fret&Maintenance
f87;MOUSSET;Madeline;59 pl Picotière;10240;AULNAY;26/07/1992;Hambourg;Fret&Maintenance
n64;MOUKOUYOU-TAMBA;Adrien;58 r Mazarin;7400;ALBA LA ROMAINE;24/06/1992;Hambourg;Fret&Maintenance
j40;OGOUBI-AKILOTAN;Anna;16 r Angus Young;85400;CHASNAIS;03/01/1992;Hambourg;Fret&Maintenance
v245;NAUDIN;Jessica;17 bd de la forêt;30840;MEYNES;24/04/1991;Hambourg;Fret&Maintenance
k10;OUDYI;Cyrielle;57 bd Van Gogh;3220;CHATELPERRON;03/05/1990;Hambourg;Fret&Maintenance
s96;NWODI;France;4 bd Baltazar;11510;CAVES;09/04/1990;Hambourg;Fret&Maintenance
k105;PACINI;Wendy;118 bd Lieut Chabal;43380;ALLY;05/07/1988;Hambourg;Fret&Maintenance
v12;PARMENTELAT;Ilhame;22 r Prevert;26400;ALLEX;16/03/1988;Hambourg;Fret&Maintenance
i34;NOZERAN;Clément;79 pl Foucher;78730;LONGVILLIERS;01/09/1987;Hambourg;Fret&Maintenance
p50;CHATEAUVIEUX;Olivier;53 pl Clovis;2270;ASSIS SUR SERRE;20/07/1987;Hambourg;Fret&Maintenance
i161;TRUONG;Bilal;88 bd Uma Thurman;25340;ABBENANS;24/04/1987;Hambourg;Fret&Maintenance
n51;PHILIPPON;Jennifer;14 pl des champs;45530;COMBREUX;09/04/1987;Hambourg;Fret&Maintenance
c80;MOUAFIK;Marine;39 pl François 1er;76280;ANGERVILLE L ORCHER;02/02/1987;Hambourg;Fret&Maintenance
h232;NOUVEL;Kevin;52 bd Poussin;35540;LE TRONCHET;03/11/1986;Hambourg;Fret&Maintenance
t3;PATEZ;Deborah;59 pl de la prairie;25410;BERTHELANGE;21/12/1984;Hambourg;Fret&Maintenance
t115;NAVARRE;Quentin;22 bd Balzac;78360;MONTESSON;02/09/1984;Hambourg;Fret&Maintenance
y4;OLLE;Coralie;51 av Thiers;24470;CHAMPS ROMAIN;22/03/1983;Hambourg;Fret&Maintenance
w97;CHAFIK;Celine;39 pl Uma Thurman;59670;BAVINCHOVE;14/02/1982;Hambourg;Fret&Maintenance
p49;ONFROY;Den;5 r Sidonie Jacolin;37000;TOURS;03/10/1977;Hambourg;Fret&Maintenance
e206;KLEIN;Flavien;32 pl Beauvoir;14140;AUQUAINVILLE;13/01/2002;Hambourg;SIP
m67;STADELMANN;Alexandre;52 r Pascale;16450;BEAULIEU SUR SONNETTE;26/01/1987;Hambourg;SIP
b29;LAILAVOIX;Wassila;6 pl Foucher;65140;ANSOST;01/06/1980;Hambourg;SIP
b209;ZEMOUCHI;Maryne;68 bd Etienne Marcel;71460;AMEUGNY;24/08/2008;Le Havre;Administration
h270;ZAIDI;Maellis;72 av JB Poclain ;11610;PENNAUTIER;04/07/2005;Le Havre;Administration
i219;ZINEELABIDINE;Asiye;10 pl Baltazar;22510;BREHAND;30/08/2003;Le Havre;Administration
n108;SANCHEZ;Laury;43 bd Paul Valéry;81140;ALOS;26/05/2003;Le Havre;Administration
c459;SOUHAIT;Thomas;18 pl de l'Eglise;21400;AISEY SUR SEINE;25/10/1993;Le Havre;Administration
e298;SULTAN;Marine;47 r Prevert;21220;BEVY;14/08/1993;Le Havre;Administration
v107;YAHIA-KULTON;Elodie;6 av Bob Marley;50870;BRAFFAIS;17/06/1989;Le Havre;Administration
m9;GASGANIAS;David;81 r Picotière;41230;COURMEMIN;27/08/2009;Le Havre;Commercial
h6;HANG YING;Calypso;67 bd Bon Repos;65370;ANLA;19/11/2007;Le Havre;Commercial
i81;MENARD;Esthel;55 r de Lyon;2220;AUGY;21/10/1995;Le Havre;Commercial
r200;MENARD;Camille;101 pl des champs;33210;BIEUJAC;09/07/1993;Le Havre;Commercial
m96;GONOD;Malo;33 r Mazarin;8140;BAZEILLES;13/12/1988;Le Havre;Commercial
w45;MICHIELS;Arnaud;21 av Sartre;14220;ACQUEVILLE;13/03/1983;Le Havre;Commercial
l63;HENRY;Christian;11 bd Balzac;15270;BEAULIEU;06/01/1982;Le Havre;Commercial
k7;M'BAJOUMBE;Laetitia;9 bd Diderot;51480;BELVAL SOUS CHATILLON;16/11/1981;Le Havre;Commercial
c24;LEGENDRE;Sarah;79 r George Sand;80110;AUBERCOURT;20/03/2011;Le Havre;Communication
f65;SAADOUNE;Lauren;78 av Picotière;65130;ARRODETS;23/08/1996;Le Havre;Communication
u51;MAGUELONNE;Marlène;115 r Baudelaire;31450;AYGUESVIVES;24/07/1996;Le Havre;Communication
n13;SAGNA;Clément;21 bd Mar Foch;63380;COMBRAILLES;17/11/1993;Le Havre;Communication
m71;SAHAKYAN;Anais;38 av JB Poclain ;69220;BELLEVILLE;17/01/1985;Le Havre;Communication
h108;ROUSSET;Hubert;107 bd Paul Valéry;80250;AILLY SUR NOYE;12/07/1980;Le Havre;Communication
i450;BRUNET;Hermine;24 av La Fontaine;20167;AFA;23/10/2011;Le Havre;Fret&Maintenance
d109;BOULINEAU;Yanis;88 av des champs;85190;AIZENAY;11/01/2011;Le Havre;Fret&Maintenance
c70;BESNARD;Manon;116 av Clovis;10380;BOULAGES;28/08/2010;Le Havre;Fret&Maintenance
n120;VINCENT;Léonel;51 av Vercingétorix;3210;AGONGES;31/05/2010;Le Havre;Fret&Maintenance
i311;CHAUVET;Karim;53 bd Picasso;31420;ALAN;22/10/2009;Le Havre;Fret&Maintenance
m118;UNGUDI;Ludovic;73 pl Capuche;57970;BASSE HAM;28/08/2009;Le Havre;Fret&Maintenance
s26;BONNIN;Thomas;73 av Albert Camus;72120;CONFLANS SUR ANILLE;25/06/2009;Le Havre;Fret&Maintenance
w67;BORDET;Teddy;95 r Louis XIII;63400;CHAMALIERES;20/11/2008;Le Havre;Fret&Maintenance
h18;BISPO;Garance;119 bd Mannet;47600;CALIGNAC;05/07/2008;Le Havre;Fret&Maintenance
c106;BRIAND;Manezanilla;65 av Mazarin;11300;AJAC;07/05/2008;Le Havre;Fret&Maintenance
u32;CADELANO;Clarisse;103 bd Salvador Dali;36200;ARGENTON SUR CREUSE;31/12/2007;Le Havre;Fret&Maintenance
t236;CHABANOL;Habiba;71 pl Balzac;95220;HERBLAY;11/12/2005;Le Havre;Fret&Maintenance
k65;CHEBLI;Chakib;23 r Clovis;4250;BAYONS;23/10/2005;Le Havre;Fret&Maintenance
o51;BOX;Marine;13 pl Poussin;49410;BEAUSSE;16/04/2005;Le Havre;Fret&Maintenance
e37;VIGOUROUX;Benjamin;110 r Wassili Kandinski;80560;ACHEUX EN AMIENOIS;11/11/2004;Le Havre;Fret&Maintenance
k500;ZID;Joana;50 pl Wassili Kandinski;31420;ALAN;02/03/2004;Le Havre;Fret&Maintenance
x73;CAMEN;Morgane;34 pl Bon Repos;64640;ARMENDARITS;17/11/2003;Le Havre;Fret&Maintenance
w532;BROUSSOULOUX;Manon;76 r Dagobert;61290;BIZOU;27/05/2002;Le Havre;Fret&Maintenance
w52;BENOLOL;Marion;1 av G. De Gaule;70500;ABONCOURT GESINCOURT;23/02/2001;Le Havre;Fret&Maintenance
c78;BRIGAUD;Melanie;102 r Jeanne d'Arc;52400;AIGREMONT;04/03/2000;Le Havre;Fret&Maintenance
v88;BLANCHARD;Justin;35 av D'Alger;4200;AUBIGNOSC;12/05/1999;Le Havre;Fret&Maintenance
n413;BOUSSARD;Camille;52 pl Vivaldi;26510;CHAUVAC LAUX MONTAUX;12/01/1999;Le Havre;Fret&Maintenance
x116;COUCHARD;Kajasinthuja;67 bd Uma Thurman;89220;BLENEAU;04/10/1998;Le Havre;Fret&Maintenance
l98;COLIN;Gaëlle;44 bd St Gilles;42520;BESSEY;01/03/1998;Le Havre;Fret&Maintenance
e40;COLLIOUD;Cyril;97 bd Alexandre 1er;65260;ADAST;19/03/1997;Le Havre;Fret&Maintenance
v115;BOUREZG;Amandine;93 av La Fontaine;89420;BIERRY LES BELLES FONTAINES;07/08/1994;Le Havre;Fret&Maintenance
b25;BUNISSET;Denise;1 r Lionne;49100;ANGERS;03/07/1994;Le Havre;Fret&Maintenance
p5;BOGHOUZ;Sofia;47 r St Gilles;32300;AUJAN MOURNEDE;30/10/1993;Le Havre;Fret&Maintenance
b104;BORDJI;Robin;93 bd Jules Vernes;8370;AUFLANCE;30/07/1993;Le Havre;Fret&Maintenance
t58;ZEROIL;Alice;51 r Sartre;47000;AGEN;10/07/1993;Le Havre;Fret&Maintenance
j23;COULIBALY;Pierre-Emerick;114 pl Louis Lumière;32400;AURENSAN;03/03/1993;Le Havre;Fret&Maintenance
v120;BOYER;Simon;109 r Albert Camus;47290;BEAUGAS;04/11/1992;Le Havre;Fret&Maintenance
w57;BIANCHI;Alan;35 pl Johnny Halliday;11400;CASTELNAUDARY;04/09/1991;Le Havre;Fret&Maintenance
t60;TUSSEAU;Josselin;63 r Bon Repos;28000;CHARTRES;29/03/1991;Le Havre;Fret&Maintenance
q40;CALINAUD;Gaelle;82 r Mazarin;68700;ASPACH LE BAS;25/01/1991;Le Havre;Fret&Maintenance
p12;BONTEMPS;Kristen Oscar;113 pl Mitterand;78130;CHAPET;09/08/1990;Le Havre;Fret&Maintenance
r261;BOVY-PIETRZAK;Hichem;120 r Bon Repos;5400;CHABESTAN;04/08/1989;Le Havre;Fret&Maintenance
b106;CHARTON;Perrine;13 bd Camus;62123;BAILLEULMONT;26/02/1988;Le Havre;Fret&Maintenance
e65;CARPENTIER;Fadoua;90 pl Etienne Marcel;79110;ARDILLEUX;07/02/1987;Le Havre;Fret&Maintenance
r73;BERNARD;Elodie;65 pl Henry Dunant;80800;AUBIGNY;20/06/1986;Le Havre;Fret&Maintenance
a103;CHAMPART;Nicolas;115 r Jules César;91690;ARRANCOURT;05/01/1986;Le Havre;Fret&Maintenance
g185;BOUHADJEB;Lisa;45 av des champs;67170;BERNOLSHEIM;26/11/1985;Le Havre;Fret&Maintenance
p57;BOTTIER;Pierre;66 pl La Fontaine;21170;AUBIGNY EN PLAINE;23/10/1985;Le Havre;Fret&Maintenance
c17;CHASSIGNOLLE;Cloé;91 bd Alexandre 1er;34390;COLOMBIERES SUR ORB;28/06/1985;Le Havre;Fret&Maintenance
g454;CHADOURNE;Emilie;101 av de l'Eglise;55270;AVOCOURT;20/05/1985;Le Havre;Fret&Maintenance
k81;BOULZAZEN;Ornella;39 bd Uma Thurman;37160;ABILLY;08/10/1984;Le Havre;Fret&Maintenance
k112;URBANIAK;Adrien;52 bd Poussin;70110;AILLEVANS;08/10/1984;Le Havre;Fret&Maintenance
o104;BUISSONNIER;Sacha;68 av Mannet;79360;BEAUVOIR SUR NIORT;26/09/1984;Le Havre;Fret&Maintenance
o84;BIEHLER;Safia;68 bd Mazarin;34600;BEDARIEUX;13/06/1984;Le Havre;Fret&Maintenance
q415;BOURGEOIS;Adrien;82 pl Bon Repos;14210;AMAYE SUR ORNE;09/04/1983;Le Havre;Fret&Maintenance
o49;VONG;Benjamin;99 av St Gilles;63190;BORT L ETANG;31/03/1983;Le Havre;Fret&Maintenance
i206;BOITRELLE;Anthony;49 pl Henry Dunant;76690;AUTHIEUX RATIEVILLE;23/01/1983;Le Havre;Fret&Maintenance
p47;CAILLIEZ;Manon;73 bd George Sand;73110;ARVILLARD;08/08/1982;Le Havre;Fret&Maintenance
p21;BENTEBAL;Pascal;42 bd Baudelaire;64300;ARGAGNON;20/11/1981;Le Havre;Fret&Maintenance
c31;BRISSE;Marion;53 r du père Noël;12330;CLAIRVAUX D AVEYRON;30/06/1981;Le Havre;Fret&Maintenance
h7;BIREM;Marguerite;72 av Chateaubriand;39250;ARSURE ARSURETTE;13/05/1980;Le Havre;Fret&Maintenance
d25;BURCKARD;Jeremy;5 bd Van Gogh;64130;AINHARP;22/01/1980;Le Havre;Fret&Maintenance
r91;MANIANGA-MYRA;Dorian;92 r Louis XIII;11200;ARGENS MINERVOIS;19/06/1994;Le Havre;SIP
e78;ROUSSET;Joffrey;76 pl Camus;65190;BEGOLE;14/09/1990;Le Havre;SIP
n9;BATAILLE;Frederick;18 bd Picotière;77710;CHEVRY EN SEREINE;09/10/1983;Le Havre;SIP
s107;CHATENAY;Willem;32 av de Lyon;1190;ARBIGNY;08/11/2011;Marseille;Administration
x103;CHALAND;Caroline;82 bd D'Alger;43430;CHAMPCLAUSE;25/04/2009;Marseille;Administration
q16;COURTIAL;Manon;91 bd Amin Mallouf;43700;ARSAC EN VELAY;20/12/2008;Marseille;Administration
o35;DHAIME;Robin;27 bd Alexandre 1er;38630;CORBELIN;18/04/2008;Marseille;Administration
r249;AUDO;Julie;74 av de la mer;38390;BOUVESSE QUIRIEU;18/10/2005;Marseille;Administration
k6;DESMOLINS;Yanis;105 av Rimbaud;2140;BANCIGNY;22/08/2003;Marseille;Administration
k159;DAVID;David;12 pl Mannet;51270;BANNAY;18/04/2000;Marseille;Administration
p51;CRETY;Anais;34 bd Bob Marley;5330;ST CHAFFREY;13/09/1998;Marseille;Administration
r114;DELCHER;Virginia;99 r du père Noël;19290;BELLECHASSAGNE;09/10/1990;Marseille;Administration
m22;CARVALHO;Albane;19 pl Clovis;34410;SAUVIAN;14/06/1985;Marseille;Administration
o57;GEY;Lucas;71 av Molière;30350;AIGREMONT;10/09/2011;Marseille;Fret&Maintenance
h61;HAUDUC;Adnan;68 bd Dalembert;29860;BOURG BLANC;22/10/2010;Marseille;Fret&Maintenance
e80;CARTRON;Alexis;68 bd Mannet;31220;CAZERES;01/10/2010;Marseille;Fret&Maintenance
g67;DAGUZAN;David;96 bd Henry Dunant;40990;ANGOUME;09/06/2010;Marseille;Fret&Maintenance
m370;GAUDIN;Maxime;87 r Johnny Halliday;46500;ALBIAC;28/05/2010;Marseille;Fret&Maintenance
a33;FOUQUE DE MANHEULLE;Claire;19 av Bob Marley;12330;CLAIRVAUX D AVEYRON;20/12/2009;Marseille;Fret&Maintenance
s70;DE ALMEIDA COUTO;Mehdi;21 r Baltazar;8190;AIRE;27/11/2009;Marseille;Fret&Maintenance
u82;DECOSTER;Amine;30 pl Charlemagne;19500;BRANCEILLES;25/11/2009;Marseille;Fret&Maintenance
c21;GUILLEVIN;Dan;1 r Johnny Halliday;59127;DEHERIES;15/11/2009;Marseille;Fret&Maintenance
f63;GALLICE;Valentine;110 pl Léonard de Vinci;74550;CERVENS;26/03/2009;Marseille;Fret&Maintenance
e248;GINESTAL;Marie;119 pl de la forêt;62910;BAYENGHEM LES EPERLECQUES;10/04/2008;Marseille;Fret&Maintenance
v247;FERRON;Jérémy;15 av de la prairie;65250;BAZUS NESTE;22/08/2007;Marseille;Fret&Maintenance
m99;DEBORDE;Valentin;55 av Rembrant;27180;ARNIERES SUR ITON;19/07/2007;Marseille;Fret&Maintenance
u45;GAUMAT;Alicia;66 r Louis Lumière;59740;BEAURIEUX;12/05/2007;Marseille;Fret&Maintenance
f162;BOUILLON;Ludivine;52 av Rimbaud;65120;BAREGES;16/04/2007;Marseille;Fret&Maintenance
y55;FRETIGNY;Maxime;43 pl JB Poclain ;9100;ARVIGNA;19/06/2006;Marseille;Fret&Maintenance
x228;ETITI;Ines;52 bd des champs;16490;ALLOUE;04/05/2006;Marseille;Fret&Maintenance
k80;DAP-HABIB;Sylvie;104 av Uma Thurman;43360;BOURNONCLE ST PIERRE;18/11/2005;Marseille;Fret&Maintenance
x102;HADJ TAYEB;Alain;92 pl Molière;64360;ABOS;16/09/2005;Marseille;Fret&Maintenance
x196;BOUGAS;Robin;76 pl Sidonie Jacolin;29690;BERRIEN;02/04/2005;Marseille;Fret&Maintenance
o216;DOVERGNE;Aurianne;93 bd Mar Foch;76440;BEAUBEC LA ROSIERE;15/02/2005;Marseille;Fret&Maintenance
e132;CAPEZZERA;Silvia;46 bd Prevert;76630;ASSIGNY;03/10/2004;Marseille;Fret&Maintenance
y105;DELEMASURE;Hugues;103 av de l'Eglise;37500;ANCHE;21/05/2004;Marseille;Fret&Maintenance
d76;DELEBARRE;Pauline;32 av Baltazar;32220;CADEILLAN;20/02/2004;Marseille;Fret&Maintenance
c59;FOSSET;Joris;79 av du père Noël;10200;AILLEVILLE;05/12/2003;Marseille;Fret&Maintenance
i101;BOYLE;Mathieu;87 pl Gabriel Péri;89480;ANDRYES;05/03/2003;Marseille;Fret&Maintenance
h88;DELEVOY;Alice;17 av Mazarin;64230;ARBUS;14/01/2003;Marseille;Fret&Maintenance
x22;DENICOURT;Manon;65 av Voltaire;82240;CAYRIECH;09/01/2003;Marseille;Fret&Maintenance
v91;DIAOUA-MAFOUTA;Yoann;71 av Richelieu;4530;LA CONDAMINE CHATELARD;30/10/2002;Marseille;Fret&Maintenance
l71;GASGANIAS;Laura;19 pl Mitterand;21290;BENEUVRE;28/08/2002;Marseille;Fret&Maintenance
a531;GASCIOLLI;Malisa;89 pl Ernest Renan;82170;BESSENS;10/06/2002;Marseille;Fret&Maintenance
y12;GOURHAND;Audrey;108 pl Gabriel Péri;8800;DEVILLE;05/06/2002;Marseille;Fret&Maintenance
p105;ELAM;Ludovic;9 bd Molière;52400;AIGREMONT;11/04/2002;Marseille;Fret&Maintenance
d23;HERVOUET;Tristan;44 r Mannet;22320;CORLAY;11/02/2002;Marseille;Fret&Maintenance
h72;DE MACEDO;Benjamin;33 av Jeanne d'Arc;48600;AUROUX;30/01/2002;Marseille;Fret&Maintenance
x76;DUBOIS;Jolan;5 bd Picasso;86190;AYRON;10/12/2001;Anvers;Fret&Maintenance
f40;FRENEA;Joana;8 bd Léonard de Vinci;16140;AIGRE;14/06/2001;Anvers;Fret&Maintenance
m439;DINIS;Victoria;75 r St Gilles;7110;BEAUMONT;22/03/2001;Anvers;Fret&Maintenance
x107;DJAZIRI;Stacy;69 bd Balzac;36150;AIZE;24/06/2000;Anvers;Fret&Maintenance
o26;DE OLIVEIRA;Kévin;96 pl D'Alger;25470;BELFAYS;16/05/2000;Anvers;Fret&Maintenance
g275;FLORENTIN;Pierre;114 r St Gilles;62310;AMBRICOURT;29/02/2000;Anvers;Fret&Maintenance
o94;HARNOUFI;Guillaume;35 pl Salvador Dali;64780;BIDARRAY;16/09/1999;Anvers;Fret&Maintenance
w83;FALLOT;Valentin;27 r Thiers;21290;BENEUVRE;08/04/1999;Anvers;Fret&Maintenance
h49;DOS SANTOS;William;76 pl de l'Eglise;66600;CALCE;15/09/1998;Anvers;Fret&Maintenance
f51;DEMEUSOY;Marine;84 pl Capuche;54370;ARRACOURT;05/06/1998;Marseille;Fret&Maintenance
h255;HAMZA;Ibrahim;89 r Jules Vernes;63800;COURNON D AUVERGNE;11/07/1997;Marseille;Fret&Maintenance
i84;BLEMY;Julien;23 bd Baltazar;45700;CHEVILLON SUR HUILLARD;02/11/1996;Marseille;Fret&Maintenance
g7;GUINDON;Caroline;40 r Mar Montgomery;87000;LIMOGES;13/01/1996;Marseille;Fret&Maintenance
l85;ESNAULT;Victoria;25 bd Pascale;34160;BEAULIEU;06/10/1995;Marseille;Fret&Maintenance
w79;COURTIAL;Frank;101 r Prevert;54330;CHAOUILLEY;25/04/1995;Marseille;Fret&Maintenance
v87;HERRIAU;Sarah;32 av Picotière;18300;BANNAY;11/02/1995;Marseille;Fret&Maintenance
u95;DELACOURT;Ivan;85 bd Voltaire;6570;ST PAUL;07/12/1994;Marseille;Fret&Maintenance
h13;GUINDON;François;44 r Picotiere;19000;TULLE;08/05/1993;Marseille;Fret&Maintenance
t53;BUREL;Deborah;41 r Louis XIII;63340;ANTOINGT;16/03/1993;Marseille;Fret&Maintenance
g68;HERVE;Yanis;52 bd Richelieu;60510;BONLIER;01/02/1993;Marseille;Fret&Maintenance
k120;HAYOUN;Salome;99 pl Vasarelli;61270;AUBE;24/06/1992;Marseille;Fret&Maintenance
a8;FAGOT;Juliette;90 bd Lieut Chabal;47290;BEAUGAS;13/01/1992;Marseille;Fret&Maintenance
e52;EYNDE;Valerie;3 r Henri Moissan;76000;ROUEN;31/10/1991;Marseille;Fret&Maintenance
c54;DEBELLE;Michel;181 r Caponiere;88000;EPINAL;09/04/1991;Marseille;Fret&Maintenance
q431;DA SILVA;Amandine;77 av Richelieu;59840;LOMPRET;06/06/1989;Marseille;Fret&Maintenance
e22;DESMARQUEST;Nathalie;14 r Federico Garcia Lorca;54000;NANCY;24/03/1989;Marseille;Fret&Maintenance
n115;FLEURY;Louise;88 av Alexandre 1er;76160;BOIS D ENNEBOURG;18/12/1988;Marseille;Fret&Maintenance
b410;FASOLA;Alexia;103 pl Mar Foch;64420;ANDOINS;05/11/1988;Marseille;Fret&Maintenance
e346;GIRARD;Cyrielle;50 av Léonard de Vinci;33430;AUBIAC;17/07/1988;Anvers;Fret&Maintenance
u111;DERVAL;Arnaud;97 bd Charlemagne;5200;BARATIER;08/02/1986;Anvers;Fret&Maintenance
g117;GODARD;Léo;97 bd Lieut Chabal;18500;ALLOUIS;02/11/1985;Anvers;Fret&Maintenance
g53;GOMBERT;Luc;32 r Emile Gueymard;56000;VANNES;02/10/1985;Marseille;Fret&Maintenance
j35;GANGNEUX;Emeline;16 r Foucher;52130;ALLICHAMPS;05/09/1985;Marseille;Fret&Maintenance
q105;GENC;Antoine;81 bd Foucher;7170;DARBRES;15/03/1985;Marseille;Fret&Maintenance
o23;DAGUZAN;Charles;71 av Van Gogh;25350;MANDEURE;11/01/1985;Marseille;Fret&Maintenance
f81;DIACONESCU;Timothe;7 bd Richelieu;62170;AIX EN ISSART;11/11/1984;Marseille;Fret&Maintenance
d110;HEGOBURU;Adrien;66 av Chateaubriand;56470;LA TRINITE SUR MER;06/04/1984;Marseille;Fret&Maintenance
a53;HASSAINE;Rehman;117 r Beauvoir;79100;BRIE;16/03/1984;Marseille;Fret&Maintenance
l501;FERCHICHI;Vincent;59 r Charlemagne;17210;BEDENAC;10/01/1984;Marseille;Fret&Maintenance
n124;HATTAB;Anne Juliette;69 pl Charlemagne;57420;BUCHY;23/12/1983;Marseille;Fret&Maintenance
s55;GBALLOU;Mickaël;88 pl Sidonie Jacolin;15230;BREZONS;11/12/1983;Marseille;Fret&Maintenance
j89;GAMBUS;Idir;30 pl Wassili Kandinski;17290;AIGREFEUILLE D AUNIS;01/04/1983;Marseille;Fret&Maintenance
o60;BOCACHARD;Quentin;51 pl Bon Repos;10220;ASSENCIERES;23/02/1982;Marseille;Fret&Maintenance
l27;FURGAUT;Mélissa;84 bd Sartre;2000;AULNOIS SOUS LAON;25/08/1981;Marseille;Fret&Maintenance
e77;HELIN;Jeanne;15 pl Mannet;83340;CABASSE;05/03/1981;Marseille;Fret&Maintenance
t530;DAVID;Ivan;17 bd Albert Camus;46500;ALBIAC;17/06/1980;Marseille;Fret&Maintenance
h104;GANDREZ;Claudia;31 r de Paris;78200;BOINVILLIERS;12/04/1980;Marseille;Fret&Maintenance
b751;DERRAS;Blandine;110 bd de l'Eglise;41290;BAIGNEAUX;08/02/1980;Marseille;Fret&Maintenance
l41;ROCHER;Elisa;54 bd Clovis;19430;BASSIGNAC LE BAS;25/03/1986;Marseille;SIP
v557;TALBI;Melvin;67 r des champs;20270;AGHIONE;08/12/1985;Marseille;SIP
v60;SZIDON;Alexandre;66 av Richelieu;54160;AUTREY;29/11/1980;Marseille;SIP
l405;MOROSINI;Gustave;93 r La Fontaine;55190;BOVEE SUR BARBOURE;16/09/2010;Paris;Accueil
d53;MULLER;Thomas;13 bd Vasarelli;59560;COMINES;20/12/2006;Paris;Accueil
d4;AMARGIER;Marion;17 pl Etienne Marcel;78550;BAZAINVILLE;06/11/2004;Paris;Accueil
v39;MATHIAS;Dylan;27 bd JB Poclain ;42210;BELLEGARDE EN FOREZ;23/06/2004;Paris;Accueil
w65;LETOUZEY;Florian;118 pl Salvador Dali;33880;BAURECH;21/10/2003;Paris;Accueil
p93;GANACHAUD;Laura;61 bd Bonaparte;27390;LA GOULAFRIERE;27/03/2003;Paris;Accueil
x256;TYBENSZKY;Dimitri;64 bd Van Gogh;13840;ROGNES;03/08/2001;Paris;Accueil
k94;SUROT;Milica;3 av St Gilles;58190;AMAZY;06/04/2001;Paris;Accueil
c39;TRECANT;Marine;81 pl Jeanne d'Arc;41270;BOUFFRY;27/03/1999;Paris;Accueil
o55;ZIMMERMANN;Juliette;31 r Vasarelli;24150;BADEFOLS SUR DORDOGNE;10/03/1999;Paris;Accueil
g116;SIOT;Raphaëlle;101 r Johnny Halliday;70190;AULX LES CROMARY;23/10/1998;Paris;Accueil
u482;BOMMENEL;Elodie;45 bd Jeanne d'Arc;58220;CESSY LES BOIS;25/05/1995;Paris;Accueil
x60;SANNIER;Saoudat;20 r Mannet;24400;BEAUPOUYET;05/07/1994;Paris;Accueil
f4;GEST;Alain;30 r Authie;46000;FIGEAC;03/05/1994;Paris;Accueil
u56;LE LAY;Amandine;116 av Wassili Kandinski;20226;BELGODERE;06/04/1994;Paris;Accueil
s484;LE GLEVIC;Laetitia;106 bd Capuche;39230;BOIS DE GAND;15/06/1992;Paris;Accueil
a41;YOUSSEF;Quentin;45 r Albert Camus;60119;HENONVILLE;30/05/1992;Paris;Accueil
y27;DUFIEF;Fabio;21 r Louis Lumière;71100;CHALON SUR SAONE;15/08/1990;Paris;Accueil
y2;GASPAR;Ilona;58 r Vauban;27140;AMECOURT;19/06/1988;Paris;Accueil
w6;MEURIN;Nassima;75 av Anatole France;88240;BAINS LES BAINS;06/01/1985;Paris;Accueil
l313;ES SAHELY;Karen Rose;91 r JB Poclain ;25340;ABBENANS;28/05/1980;Paris;Accueil
q85;BOUADOU;Maxime;108 av Molière;12330;CLAIRVAUX D AVEYRON;21/05/2010;Paris;Administration
v113;LAPLACE;Tidiany;98 r Jules Vernes;58150;GARCHY;31/08/2009;Paris;Administration
t107;LE HIN;Audrey;54 bd Léonard de Vinci;71370;BAUDRIERES;30/09/2008;Paris;Administration
b6;SAADOUNE;Axelle;94 av Balzac;49630;CORNE;09/11/2006;Paris;Administration
j56;BOUKDOUR;Lou;93 r Léonard de Vinci;52110;AMBONVILLE;21/04/2006;Paris;Administration
a16;ROCHETEAU;Loïc;3 bd Anatole France;14330;CARTIGNY L EPINAY;12/11/2003;Paris;Administration
v8;KOUHHIZ;Camille;13 r Camus;20229;CAMPANA;18/11/2000;Paris;Administration
l74;PONSAA-ROYAL;Marvyn;24 av Rimbaud;62530;GOUY SERVINS;18/04/2000;Paris;Administration
s79;ADU GYAMFI;Mathieu;82 pl Camus;14620;BAROU EN AUGE;18/03/2000;Paris;Administration
r101;POZNANTER;Vincent;43 pl Mannet;57810;AVRICOURT;30/01/1992;Paris;Administration
q23;BOYER;Saloua;110 r Salvador Dali;9400;ALLIAT;02/03/1991;Paris;Administration
w47;BANYOLS;Alexandre;109 r Jules Vernes;72380;JOUE L ABBE;13/03/1990;Paris;Administration
q510;AMIABLE;Mohamed;84 r Aubert Dubayet;14121;SALLENELLES;19/05/1985;Paris;Administration
a61;BEN YOUNES;Daniel;85 av Jules Vernes;17138;PUILBOREAU;12/08/1983;Paris;Administration
r83;ROBIN;Emmanuel;63 av Jules Vernes;34380;ARGELLIERS;20/02/1983;Paris;Administration
x17;LEANDRO;Sami;112 pl Dagobert;54200;ANDILLY;06/06/1982;Paris;Administration
k31;BAUDET;Paul;19 av Alexandre 1er;32420;BETCAVE AGUIN;15/02/1982;Paris;Administration
h79;ROBIN-PREVALLEE;Laurene;88 r du père Noël;66210;BOLQUERE;07/06/1981;Paris;Administration
v41;BERTRAND;Flora;72 r Dagobert;57370;BERLING;20/10/1980;Paris;Administration
j278;TAILLEBOIS;Steven;52 bd Richelieu;14140;AUQUAINVILLE;14/04/2008;Paris;Architecture
k58;REVERDY;Nabil;14 av Mitterand;12490;LA BASTIDE PRADINES;10/10/2007;Paris;Architecture
o448;MAROT;Solène;47 av Uma Thurman;89210;BELLECHAUME;09/11/2005;Paris;Architecture
o32;BARTOLACCI;Maxime;27 pl Vasarelli;20166;BISINAO;10/05/2003;Paris;Architecture
c40;PEURON;Christophe;54 av Mitterand;63210;AURIERES;08/11/2001;Paris;Architecture
w328;SALMONT;Célia;7 bd Amin Mallouf;56190;AMBON;20/10/1999;Paris;Architecture
l445;PERROT LECQUE;Ludovic;120 pl Charlemagne;67120;ALTORF;08/10/1995;Paris;Architecture
l14;LEE;Bruce;39 r Raspail;53000;LAVAL;02/02/1995;Paris;Architecture
w23;BERNARD;Manon;118 av Camus;55700;AUTREVILLE ST LAMBERT;04/12/1993;Paris;Architecture
i94;OUESLATI;Jonathan;17 pl de la prairie;11700;AZILLE;17/06/1993;Paris;Architecture
y66;MASLE;Juliette;120 r des champs;74300;ARACHES LA FRASSE;09/09/1988;Paris;Architecture
w55;AYMARD;Theo;74 pl Richelieu;61190;AUTHEUIL;29/10/1984;Paris;Architecture
x64;LAGRAVIERE;Oumrat;119 r Jeanne d'Arc;11600;ARAGON;05/02/1984;Paris;Architecture
f103;AGASSE;Kévin;22 r Albert Camus;10290;AVON LA PEZE;22/08/1983;Paris;Architecture
c8;VALETTE;Oumar;69 r Henri Dunan;13105;MIMET;26/03/2004;Paris;Commercial
q65;AUGUSTO;Maud-Oceane;3 r Johnny Halliday;70130;FERRIERES LES RAY;24/02/2003;Paris;Commercial
o22;BENDIAF;Lyes;96 pl Mar Foch;76390;AUBEGUIMONT;20/02/2002;Paris;Commercial
g89;AUFFRET;Thibaut;113 bd JB Poclain ;68280;ANDOLSHEIM;15/11/1996;Paris;Commercial
e524;TReHET;Alain;7D chem Barral;12000;RODEZ;29/11/1994;Paris;Commercial
c77;BARBOSA LOPES;Christophe;90 pl Baltazar;76850;BEAUMONT LE HARENG;02/11/1994;Paris;Commercial
n39;VIEVILLE;Elisa;57 av Uma Thurman;38160;BEAUVOIR EN ROYANS;13/08/1994;Paris;Commercial
l43;TENCHINI;Maxime;39 av Van Gogh;7110;BEAUMONT;18/07/1992;Paris;Commercial
v576;BALLOUARD-DAUPHIN;Morganne;56 pl Gabriel Péri;90300;CRAVANCHE;01/01/1989;Paris;Commercial
w111;BATTE;Julien;21 bd de la mer;40380;BAIGTS;22/10/1987;Paris;Commercial
p35;SERVANT;Oriane;10 pl Sartre;56140;BOHAL;01/09/1986;Paris;Commercial
q34;LAMBINET;Ophélie;104 bd Bon Repos;31620;BOULOC;12/04/2011;Paris;Communication
j81;MC DONALD;David;23 pl Bob Marley;68680;KEMBS;05/05/2010;Paris;Communication
i107;LELAIDIER;Floriane;38 pl Jules Vernes;70170;AMONCOURT;28/11/2009;Paris;Communication
t78;WELLE;Maelle;37 r Lieut Chabal;27120;AIGLEVILLE;26/01/2007;Paris;Communication
e43;LAWSON;Marina;74 r Gabriel Péri;76750;BIERVILLE;21/10/2002;Paris;Communication
y63;VAN BRUK;Maxime;94 pl G. De Gaule;38840;LA SONE;20/05/1991;Paris;Communication
a65;YACOUB;Arnaud;25 av Henry Dunant;9800;ANTRAS;01/01/1988;Paris;Communication
p393;MASSALA;Alexandre;69 bd de l'Eglise;60210;BEAUDEDUIT;21/09/1987;Paris;Communication
p2;NADARAJAN;Bhavanesh;20 bd Léonard de Vinci;24600;ALLEMANS;01/09/2023;Paris;SIP
o91;AYNAN;Mohamed-Amine;40 av Jules César;33330;ST CHRISTOPHE DES BARDES;01/09/2023;Paris;SIP
m7;VAN HALST;Mélanie;71 pl Wassili Kandinski;37310;AZAY SUR INDRE;28/08/2011;Paris;Comptabilite
c51;BILLY;Pierre;72 r Sidonie Jacolin;14700;AUBIGNY;18/07/2011;Paris;Comptabilite
g69;BANZOUR;Wilhis;99 av Dagobert;57370;BERLING;27/09/2010;Paris;Comptabilite
w587;FERNANDES;Marion;67 bd Dalembert;57420;BUCHY;25/03/2010;Paris;Comptabilite
r6;RODRIGUES-MARQUES;Jessica;54 bd Bonaparte;77550;LIMOGES FOURCHES;28/12/2009;Paris;Comptabilite
t62;REVIRAND;Julie;18 bd Vivaldi;6910;AIGLUN;10/04/2009;Paris;Comptabilite
p109;LEGROS;Marion;18 bd Alexandre 1er;23000;ANZEME;20/03/2009;Paris;Comptabilite
u96;CONFAIX;Salim;52 r Victor Hugo;87370;BERSAC SUR RIVALIER;23/01/2008;Paris;Comptabilite
p67;KHADRAOUI;Florentine;37 av Dagobert;16200;BOURG CHARENTE;29/09/2007;Paris;Comptabilite
n65;AINA;Hajare;34 av Thiers;31190;AURAGNE;15/07/2007;Paris;Comptabilite
q129;SIKORSKI;Alexandre;115 av de Lyon;23120;BANIZE;28/06/2005;Paris;Comptabilite
m24;LEPAIN;Antoine;113 pl Balzac;84240;ANSOUIS;27/04/2005;Paris;Comptabilite
a428;HOUDEBINE;Florian;120 r Vercingétorix;12120;ARVIEU;21/02/2005;Paris;Comptabilite
a71;PERISSE;Elisa;47 av Jules César;28130;BOUGLAINVAL;31/12/2003;Paris;Comptabilite
e64;CASIER;Pierre;54 pl Richelieu;30140;ANDUZE;11/09/2003;Paris;Comptabilite
t1;PINTO;Dylan;31 r Jules César;67390;ARTOLSHEIM;01/11/2001;Paris;Comptabilite
u29;UMUBYEYI;Maxime;10 r G. De Gaule;14130;BLANGY LE CHATEAU;11/08/2001;Paris;Comptabilite
a106;CONAN;Linda;73 bd Pascale;40310;ARX;11/07/2001;Paris;Comptabilite
g86;INGLEBERT;Alexandra;59 r Vercingétorix;43380;ALLY;01/07/2001;Paris;Comptabilite
b28;CACHEUX;Bernard;114 r Authie;34000;MONTPELLIER;02/08/2000;Paris;Comptabilite
x70;SZMITKOWSKI;Doriane;99 bd de Paris;33720;BARSAC;15/03/1999;Paris;Comptabilite
q148;BICHEUX;Chloe;2 av G. De Gaule;25700;MATHAY;17/04/1998;Paris;Comptabilite
n2;PLANCEL;Adeline;49 av Thiers;31190;AURAGNE;29/03/1998;Paris;Comptabilite
b89;CADENA;Julien;107 av D'Alger;80700;ANDECHY;21/01/1998;Paris;Comptabilite
l4;ALIMI;Camille;5 av Chateaubriand;71440;JUIF;18/06/1997;Paris;Comptabilite
v35;HAMONIC;Sophie;89 r Richelieu;7410;ARLEBOSC;07/04/1997;Paris;Comptabilite
q102;BOUDIER;Ali;101 bd Nikki de St Phalle;10120;LAINES AUX BOIS;17/01/1997;Paris;Comptabilite
u470;LAFFICHE;Sofiane;36 r Baudelaire;64350;ANOYE;06/12/1996;Paris;Comptabilite
j418;LECAPLAIN;Marion;59 av Nikki de St Phalle;59242;CAPPELLE EN PEVELE;12/11/1996;Paris;Comptabilite
i598;RIBEIRO CARVALHO;Basile;97 av Nikki de St Phalle;69680;CHASSIEU;14/08/1996;Paris;Comptabilite
x33;TRINH;Corentin;90 pl Rembrant;53300;AMBRIERES LES VALLEES;18/06/1996;Paris;Comptabilite
a333;CARPENTIER;Kevin;32 r Mannet;60130;ANGIVILLERS;11/02/1996;Paris;Comptabilite
w533;KABONGO;Julien;69 av Picasso;41170;ARVILLE;03/02/1996;Paris;Comptabilite
b20;DOS SANTOS;Brice;103 av de l'Eglise;25150;AUTECHAUX ROIDE;27/01/1996;Paris;Comptabilite
k39;TIJINI;Baptiste;66 bd Bonaparte;61170;BARVILLE;29/12/1995;Paris;Comptabilite
i38;KALAICHELVAN;Sonia;23 r Beauvoir;25800;EPENOY;16/07/1995;Paris;Comptabilite
n590;SOURON;Maryse;10B r Gay Lussac;21000;DIJON;09/03/1995;Paris;Comptabilite
h237;ASSOSSOU;Hugo;108 pl Etienne Marcel;70140;BARD LES PESMES;14/02/1995;Paris;Comptabilite
p64;AMAHIRWE;Axelle;56 pl de l'Eglise;22800;COHINIAC;07/12/1994;Paris;Comptabilite
i83;LEFEBVRE;Evan;25 bd Léonard de Vinci;89260;LA CHAPELLE SUR OREUSE;20/11/1994;Paris;Comptabilite
h381;JOURDREN;Pierre;34 av Jean Perrot;15000;AURRILLAC;26/08/1993;Paris;Comptabilite
m94;IDJIHADI;Florian;72 r Amin Mallouf;62145;ENGUINEGATTE;06/03/1993;Paris;Comptabilite
s21;RETAILLEAU;Pascal;32 bd Ayrault;23000;MONTLUCON;25/09/1992;Paris;Comptabilite
d13;DEBELLE;Jeanne;134 r Stalingrad;44000;NANTES;05/12/1991;Paris;Comptabilite
n49;PATER;Anthony;89 bd de l'Eglise;42460;ARCINGES;14/07/1991;Paris;Comptabilite
p8;PERRIER;Maitre;6 r Aubert Dubayet;71000;CHALON SUR SAONE;23/06/1991;Paris;Fret&Maintenance
l29;BOUSSRIF;Vincent;119 r St Gilles;58210;BEUVRON;19/02/1991;Paris;Fret&Maintenance
l118;SAMAK;Nesrine;71 pl des champs;91510;JANVILLE SUR JUINE;15/12/1990;Paris;Fret&Maintenance
j265;VILAYVONG;Sebastien;77 bd JB Poclain ;23160;AZERABLES;17/04/1990;Paris;Fret&Maintenance
q116;BARAKAT;Célündil;3 bd Mitterand;57320;ALZING;25/07/1989;Paris;Fret&Maintenance
t49;MOSTOWSKI;Mélanie;2 av Diderot;34330;CAMBON ET SALVERGUES;30/11/1988;Paris;Fret&Maintenance
k492;FERRADJI;Helena;8 r Uma Thurman;16270;GENOUILLAC;26/05/1988;Paris;Fret&Maintenance
h78;LEVY;Ouidad;42 av Salvador Dali;71740;CHATEAUNEUF;28/03/1988;Paris;Fret&Maintenance
i50;CARVALHO;Alexandre;94 bd Richelieu;70200;ADELANS ET LE VAL DE BITHAINE;07/03/1988;Paris;Fret&Maintenance
a55;BEDOS;Christian;1 r Benedictins;65000;TARBES;17/07/1987;Paris;Fret&Maintenance
g216;LELIEVRE;Gary;56 av Alexandre 1er;33820;BRAUD ET ST LOUIS;27/07/1986;Paris;Fret&Maintenance
p37;ANCRI;Florian;32 av George Sand;45150;DARVOY;12/03/1986;Paris;Fret&Maintenance
k130;HU YANG;Killian;19 pl Bon Repos;21230;ALLEREY;23/10/1985;Paris;Fret&Maintenance
q6;BARBET;Alexandre;46 av Vasarelli;26340;AUBENASSON;22/10/1983;Paris;Fret&Maintenance
y121;VANALDERWIERT;Coretta;24 r Sidonie Jacolin;81170;AMARENS;23/05/1983;Paris;Fret&Maintenance
q37;MINARD;Leila;15 bd Sidonie Jacolin;50410;LA HAYE BELLEFOND;11/04/1983;Paris;Fret&Maintenance
f67;DE OLIVEIRA;Martin;23 bd Victor Hugo;80220;BOUILLANCOURT EN SERY;10/01/1983;Paris;Fret&Maintenance
m47;GONCALVES;Victor;30 av Foucher;1130;BELLEYDOUX;30/01/1981;Paris;Fret&Maintenance
u25;LAURENT;Gwenäëlle;98 r Diderot;51120;ALLEMANT;30/08/1980;Paris;Fret&Maintenance
o373;SEGHIOUER;Angie;103 bd Vivaldi;40120;ARUE;19/05/2006;Paris;Fret&Maintenance
h458;MANCINO;Hubert;14 r Vauban;39370;CHOUX;15/08/2003;Paris;Design
m12;CAGLIONE;Morgane;111 bd Bonaparte;46300;ANGLARS NOZAC;17/10/1997;Paris;Design
l56;LECORNU;Ludovic;4 r Abel Servien;25000;BESANCON;27/02/1996;Paris;Design
j5;CHAUVET;Louise;93 bd La Fontaine;76690;AUTHIEUX RATIEVILLE;05/12/1994;Paris;Design
u564;DAUTREPPE;Nicolas;58 pl Victor Hugo;64410;ARGET;21/11/1994;Paris;Design
h47;VANALDERWIERT;Theophile;73 r Mar Foch;14250;AUDRIEU;10/05/1993;Paris;Design
n495;OLLIVE;Sarah;111 r Mozart;55260;BAUDREMONT;03/01/1993;Paris;Design
y109;YESIL;Margaux;120 av Mazarin;64190;ANGOUS;17/07/1990;Paris;Design
t21;MENDES;Nordine;24 r Bonaparte;13210;ST REMY DE PROVENCE;22/03/1989;Paris;Design
c14;DABURON;François;13 r Champs Elysees;6000;NICE;01/02/1989;Paris;Design
l17;LEJARD;Agnes;4 r Anthoard;82000;MONTAUBAN;06/10/1987;Paris;Design
w87;DEDIER;Martin;105 bd Henry Dunant;27350;BRESTOT;24/01/1986;Paris;Design
l111;NEVEU;Alice;93 bd Pascale;73210;AIME;20/06/1983;Paris;Design
c1;DÉLIÉ;Mathéo;107 bd Picotière;24520;COURS DE PILE;01/09/2023;Paris;Developpement
g100;HUON;Jérôme;62 bd Paul Valéry;59126;LINSELLES;01/09/2023;Paris;Developpement
h230;LE MOUEL;Maxime;88 pl Diderot;49320;BLAISON GOHIER;01/09/2023;Paris;Developpement
k437;LOPES;Matteo;103 bd Henri Dunan;33710;BAYON SUR GIRONDE;01/09/2023;Paris;Developpement
k55;MORGAN;Mark;44 pl Jules Vernes;25230;BONDEVAL;01/09/2023;Paris;Developpement
k109;OSPINO RAMIREZ;Yoann;87 r Vauban;7340;ANDANCE;01/09/2023;Paris;Developpement
k53;SMOCK;Michaël;4 av Beauvert;68000;MULHOUSE;01/09/2023;Paris;Developpement
t18;TOUMERT;Yanis;79 bd François 1er;88600;AYDOILLES;01/09/2023;Paris;Developpement
b108;VADELL;Keryann;38 bd Anatole France;21140;CHARIGNY;01/09/2023;Paris;Developpement
f6;VALENTIN;Mathis;14 av Vasarelli;2810;BRUMETZ;01/09/2023;Paris;Developpement
m1;TRAJKOVIC;Vincent;57 r Bon Repos;39350;GENDREY;23/04/1986;Paris;Developpement
n345;BONHOMME;Gaëtan;119 bd G. De Gaule;41210;LA FERTE BEAUHARNAIS;21/12/1988;Paris;Developpement
f73;HOEBEKE;Déborah;107 pl La Fontaine;58220;CESSY LES BOIS;07/07/1989;Paris;Developpement
r58;QUIQUANDON;Joel;7 r Ernest Renan;29000;QUIMPER;30/06/1990;Paris;Developpement
j586;AUFFRET;Julien;45 av Thiers;76110;ANGERVILLE BAILLEUL;18/07/1991;Paris;Developpement
a17;CASAGRANDE-PANDUCCIO;Célia;1 r Aimon de Chissee;38100;GRENOBLE;26/08/1991;Paris;Developpement
n97;MATHEAU;David;24 pl Léonard de Vinci;27150;BOISEMONT;18/11/1992;Paris;Developpement
x471;NEYRINCK;Jehanne;57 r Vercingétorix;62116;ABLAINZEVELLE;03/12/1992;Paris;Developpement
q113;DAHALANI;Mélanie;76 av Beauvoir;94360;BRY SUR MARNE;21/02/1993;Paris;Developpement
b393;GUILLAUME;Alexandre;23 av Dagobert;46320;ASSIER;11/08/1994;Paris;Developpement
x66;DUDOGNON;Rosiane;4 av Lieut Chabal;57420;BUCHY;25/04/1995;Paris;Developpement
g61;JURDIT;Chloé;72 r George Sand;14700;AUBIGNY;21/06/1995;Paris;Developpement
d42;PEDROSA DOS SANTOS;David;6 r Baltazar;77910;BARCY;01/11/1995;Paris;Developpement
b125;GHEYSEN;Galassus;32 bd Mar Foch;75000;PARIS;18/01/1996;Paris;Developpement
t84;MONET MONEDIERE;Laurene;98 r Ernest Renan;37140;BENAIS;28/04/1996;Paris;Developpement
d114;EMMANUELIDIS;Jean-Eudes;44 bd du père Noël;66510;ST HIPPOLYTE;28/01/1997;Paris;Developpement
b4;CHAROZE;Catherine;100 pl Geants;33000;BORDEAUX;25/09/1997;Paris;Developpement
o111;TONIN;Vincent;17 r du père Noël;18160;CHEZAL BENOIT;13/04/1998;Paris;Developpement
u69;DESBORDES;Rémy;95 r Poussin;58700;ARTHEL;08/06/1998;Paris;Developpement
f52;BERRAMDANE QUEYSSAC;Imrane;5 bd Voltaire;21500;ARRANS;22/08/1998;Paris;Developpement
b19;ZOUAOUI;Anouk;10 r Nicolas Chorier;85000;LA ROCHE SUR YON;31/01/1999;Paris;Developpement
q72;DUBOIS;Jonathan;57 bd Louis XIII;41300;LA FERTE IMBAULT;08/11/2000;Paris;Developpement
b42;GONCALVES;Raphaël;22 pl Léonard de Vinci;40310;ARX;19/02/2001;Paris;Developpement
t12;ENGEL;Cynthia;58 r Dalembert;47110;ALLEZ ET CAZENEUVE;05/03/2001;Paris;Developpement
x6;PINEL;Adrien;37 av Nikki de St Phalle;67130;BAREMBACH;07/06/2001;Paris;Developpement
j596;SCHNITZLER;Lea;16 bd Charlemagne;25250;ACCOLANS;21/12/2001;Paris;Developpement
w42;LEVAVASSEUR;Fanny;29 av JB Poclain ;62500;BOISDINGHEM;26/04/2002;Paris;Developpement
k22;RENAUDIN;Paul;62 pl Victor Hugo;22730;TREGASTEL;24/04/2003;Paris;Developpement
r119;RAMOND;Clément;6 r Richelieu;89150;BRANNAY;28/12/2003;Paris;Developpement
h37;LECOMTE;Laureen;105 av D'Alger;21230;ALLEREY;05/01/2004;Paris;Developpement
a77;RAZAFINDRAKOTOVAONANDRASA;Fabiola;23 pl Van Gogh;52110;AMBONVILLE;28/06/2004;Paris;Developpement
d257;LAMANE;Nicolas;76 r Foucher;54800;ABBEVILLE LES CONFLANS;16/08/2004;Paris;Developpement
r48;PLORMEL;Noemie;58 pl Picotière;6230;ST JEAN CAP FERRAT;03/08/2006;Paris;Developpement
w85;ZOUAOUI;Aînïs;104 av Thiers;40090;ARTASSENX;11/09/2006;Paris;Developpement
p40;SEDDAOUI;Khaled;5 r Gabriel Peri;61000;FLERS;01/09/2021;Paris;Developpement
j239;TERBECHE;Gaël;37 r Baltazar;69430;AVENAS;01/09/2021;Paris;Developpement
y37;BENKROUIDEM;Nadim;45 pl Thiers;62380;ACQUIN WESTBECOURT;01/09/2022;Paris;Developpement
j42;BETABELET;Briaan;13 pl La Fontaine;43700;ARSAC EN VELAY;01/09/2022;Paris;Developpement
j294;BROGNIART;Lucas;1 av George Sand;62180;AIRON NOTRE DAME;01/09/2022;Paris;Developpement
x411;CASTANHEIRA-GLACE;Matëo;9 r Angus Young;46260;BEAUREGARD;01/09/2022;Paris;Developpement
m154;GRIMBERT;Arnaud;14 r George Sand;17240;BOIS;01/09/2022;Paris;Developpement
y34;MEDIENE;Abdoullah;89 r François 1er;46130;BELMONT BRETENOUX;01/09/2022;Paris;Developpement
c108;MEYER;Alexis;58 r Picotière;41330;AVERDON;01/09/2022;Paris;Developpement
w100;PIREZ;Gregory;14 bd Jeanne d'Arc;56480;CLEGUEREC;01/09/2022;Paris;Developpement
b34;SABRAS;Titouan;123 r Caponiere;41000;BLOIS;01/09/2022;Paris;Developpement
k135;SIVANANTHAN;Jathurshan;28 av Bonaparte;90500;BEAUCOURT;01/09/2022;Paris;Developpement
s126;YOUJIL ABBADI;Ahmed;88Bis r Saumuroise;39000;DOLE;01/09/2022;Paris;Developpement
o483;GHIRINGHELLI;Duncan;31 bd Picasso;74130;AYSE;28/09/2010;Paris;Direction
y228;LAURENT;Julie;7 pl Jules César;69390;CHARLY;28/08/2010;Paris;Direction
t80;MOYSAN;Oceane;77 pl Aubert Dubayet;55000;BAR LE DUC;10/01/2009;Paris;Direction
n110;BEHR;Nicolas;8 pl D'Alger;64160;ABERE;02/11/2006;Paris;Direction
c221;LEBEAU;Vincent;87 r Angus Young;49220;ANDIGNE;17/07/2006;Paris;Direction
g56;ABDEL GHANY;Florian;35 pl de Lyon;59400;ANNEUX;30/11/2004;Paris;Direction
k24;MOUREZ;Antonin;64 av Ernest Renan;91640;BRIIS SOUS FORGES;22/02/2002;Paris;Direction
g193;GUEVEL;Alexandre;7 bd Nikki de St Phalle;33570;FRANCS;20/06/2001;Paris;Direction
i68;CARDON;Magalie;44 pl du père Noël;15590;LASCELLE MANDAILLES;30/05/2000;Paris;Direction
f54;GUERET;Romain;94 av Dagobert;51150;AIGNY;23/04/2000;Paris;Direction
d82;DADA;Arthur;12 bd des champs;53640;CHAMPEON;11/10/1997;Paris;Direction
q17;PETIT;Jean-Louis;7 r Ernest Renan;50000;SAINT LO;06/09/1997;Paris;Direction
a66;PAYEN;Alide;82 av Diderot;76340;AUBERMESNIL AUX ERABLES;17/06/1995;Paris;Direction
m39;BEGUIN;Sarah;55 r Mar Foch;32170;AUX AUSSAT;04/03/1995;Paris;Direction
t81;ADOU;Solene;119 pl Balzac;28240;BELHOMERT GUEHOUVILLE;26/01/1995;Paris;Direction
w101;DELAUNAY;Guillaume;34 av Gabriel Péri;61150;AVOINE;11/02/1992;Paris;Direction
t2;AISSANI;Adrien;72 r Bonaparte;9310;ALBIES;14/08/1991;Paris;Direction
l67;MILLOT;Angele;24 bd Louis Lumière;38190;BERNIN;08/12/1988;Paris;Direction
e509;MARTINEZ;Ophelie;70 r Balzac;16140;AIGRE;20/03/1987;Paris;Direction
m13;DUCHESNE;Grégoire;22 bd Molière;72470;CHAMPAGNE;28/08/1985;Paris;Direction
r24;PIQUERY;Patrick;9 r Vaucelles;14000;CAEN;29/07/1984;Paris;Direction
s54;AZAZA;Alice;119 r de la forêt;63330;BUSSIERES;15/12/1982;Paris;Direction
o245;AUDIER;Axelle;76 av de Lyon;53220;LA PELLERINE;15/09/2010;Paris;DSI
f69;HAUSKNECHT;Malika;89 pl Dalembert;14430;ANGERVILLE;18/02/2006;Paris;DSI
b400;DONDELINGER;Eric;109 av Mozart;1430;CEIGNES;02/11/2003;Paris;DSI
l115;CROISE;Alexis;38 pl Etienne Marcel;25220;AMAGNEY;10/05/2000;Paris;DSI
i9;FRODEAU;Christine;78 bd George Sand;88500;AHEVILLE;04/11/1997;Paris;DSI
q112;NOUVEAU;Fabrice;51 pl Vasarelli;13720;BELCODENE;09/06/1993;Paris;DSI
i102;CANIPEL;Ophelie;104 r de la prairie;28120;BAILLEAU LE PIN;10/09/1990;Paris;DSI
e76;VIGNARD;Philippe;70 bd Anatole France;39700;AMANGE;26/10/1989;Paris;DSI
v34;DIALLO;Thomas;38 bd de la mer;66320;ARBOUSSOLS;10/05/1982;Paris;DSI
b116;VALLE;Hanane;25 bd George Sand;58130;BALLERAY;06/05/2011;Paris;Fret&Maintenance
t110;THOMAS;Claude;101 r de la mer;55700;AUTREVILLE ST LAMBERT;20/11/2009;Paris;Fret&Maintenance
j70;ZEMOUCHI;Fatima;34 r Thiers;88120;BASSE SUR LE RUPT;11/11/2009;Paris;Fret&Maintenance
c119;THAVARAJAH;Aude;82 av de Paris;54800;ABBEVILLE LES CONFLANS;06/09/2009;Paris;Fret&Maintenance
c57;CHERDIVAR;Clément;14 pl Wassili Kandinski;90150;ANGEOT;17/09/2007;Paris;Fret&Maintenance
g213;MALLERET;Lova -Alexandre;58 av de la prairie;12580;CAMPUAC;25/02/2005;Paris;Fret&Maintenance
v2;VERNEUIL;Gwenaël;29 r George Sand;28120;BAILLEAU LE PIN;16/01/2005;Paris;Fret&Maintenance
x265;TEIXEIRA;Yves;98 bd Uma Thurman;22260;PLOEZAL;01/11/2004;Paris;Fret&Maintenance
u497;AMRANE;Titouan;87 av des champs;50290;BREHAL;26/05/2004;Paris;Fret&Maintenance
u41;BELHADJ-ADDA;Mariam;58 bd Louis Lumière;86200;ARCAY;07/02/2004;Paris;Fret&Maintenance
u206;GRAU;Marine;111 av François 1er;10130;AUXON;10/01/2004;Paris;Fret&Maintenance
l48;ZIMMERMANN;Maïmouna;75 bd des champs;22600;HEMONSTOIR;01/01/2004;Paris;Fret&Maintenance
x236;LUU;Dorian;111 r Paul Valéry;20228;BARRETTALI;15/12/2003;Paris;Fret&Maintenance
o96;TAUZIN;Lea;96 av Rimbaud;36400;BRIANTES;25/08/2003;Paris;Fret&Maintenance
t59;YOGARAJAH;Audrey;56 pl Mannet;27700;BERNIERES SUR SEINE;08/06/2003;Paris;Fret&Maintenance
x62;VINAY;Tracy;39 bd Balzac;14400;AGY;13/02/2003;Paris;Fret&Maintenance
c10;FENDT;Sami;44 av de la mer;7300;CHEMINAS;19/11/2002;Paris;Fret&Maintenance
k57;BEN EL HASSANE;Justine;83 pl Richelieu;93240;STAINS;23/07/2002;Paris;Fret&Maintenance
t48;ZID;Sebastien;89 r Léonard de Vinci;16120;ANGEAC CHARENTE;03/06/2002;Paris;Fret&Maintenance
i100;VERDIER;Andrea;24 pl St Gilles;6710;MALAUSSENE;06/03/2002;Paris;Fret&Maintenance
k33;VAING;Nicolas;88 r St Gilles;32250;FOURCES;04/02/2002;Paris;Fret&Maintenance
l83;TEOFILOVIC;Ludovic;95 av Bon Repos;14210;AMAYE SUR ORNE;10/10/2001;Paris;Fret&Maintenance
m104;UPADHYE;Soudharsanan;31 av Foucher;61120;AUBRY LE PANTHOU;18/08/2001;Paris;Fret&Maintenance
h552;TENESI;Sofiane;58 r Foucher;22160;BULAT PESTIVIEN;01/12/2000;Paris;Fret&Maintenance
h77;FLORVIL;Angélique;35 av D'Alger;32440;CASTELNAU D AUZAN;19/10/2000;Paris;Fret&Maintenance
v14;DE OLIVEIRA;Sophie;88 pl du père Noël;39290;ARCHELANGE;08/04/1999;Paris;Fret&Maintenance
a93;TUSSEAU;Louis;22 r Renou;86000;POITIERS;02/01/1999;Paris;Fret&Maintenance
b55;TOIGO;Florian;32 av Mannet;47200;BEAUPUY;01/12/1998;Paris;Fret&Maintenance
x128;TIJINI;Séverine;71 pl Rembrant;20212;ALANDO;13/06/1998;Paris;Fret&Maintenance
t4;GRENIER;Gaelle;63 pl Jeanne d'Arc;37510;BALLAN MIRE;04/05/1998;Paris;Fret&Maintenance
j113;GIROS;Rachel;102 av Bon Repos;68760;GOLDBACH ALTENBACH;23/02/1998;Paris;Fret&Maintenance
j391;TIJINI;Etienne;5 pl de Lyon;88370;BELLEFONTAINE;30/07/1997;Paris;Fret&Maintenance
b16;BIORET;Luc;1 r Linne;35000;RENNES;21/03/1997;Paris;Fret&Maintenance
h51;VANAZZI;Oumisalam;120 r François 1er;61330;CEAUCE;14/12/1996;Paris;Fret&Maintenance
e49;DUNCOMBE;Claude;19 av Alsace Lorraine;9000;FOIX;19/02/1996;Paris;Fret&Maintenance
b11;TASSET;Antoine;72 av Jules Vernes;34830;CLAPIERS;30/01/1996;Paris;Fret&Maintenance
d17;DUPE-TESSARI;Aurélien;15 r JB Poclain ;4270;BEYNES;06/11/1995;Paris;Fret&Maintenance
n14;VAUTIER;Steven;41 r Lieut Chabal;60127;FRESNOY LA RIVIERE;11/10/1995;Paris;Fret&Maintenance
m574;MONGIS;Louis;44 av Mannet;78910;BEHOUST;13/07/1995;Paris;Fret&Maintenance
c158;THÉMÉ;Chaïma;91 av Charlemagne;41700;CHEMERY;06/07/1995;Paris;Fret&Maintenance
y119;MANCINI;Anne;5 r D'Agier;48000;MENDE;05/01/1995;Paris;Fret&Maintenance
h106;LIMIER;Anthony;118 av Jules César;30410;MEYRANNES;21/03/1994;Paris;Fret&Maintenance
f21;FINCK;Jacques;rte Montreuil Bellay;74000;ANNECY;08/06/1993;Paris;Fret&Maintenance
i5;YOGARAJAH;Marie;109 pl D'Alger;62810;AVESNES LE COMTE;15/03/1993;Paris;Fret&Maintenance
o25;CHEREL;Margot;63 r Foucher;72110;BEAUFAY;13/12/1992;Paris;Fret&Maintenance
a131;VILLECHALANE;Louis;8 cours Lafontaine;29000;BREST;11/12/1992;Paris;Fret&Maintenance
x57;YOUSSOUF;Adrian;58 r La Fontaine;38960;ST AUPRE;22/04/1992;Paris;Fret&Maintenance
r579;ARSHAD;Marine;61 av de Lyon;65100;ADE;27/03/1992;Paris;Fret&Maintenance
t119;LOMBARDI;Robin;81 av Louis Lumière;6710;MALAUSSENE;09/08/1991;Paris;Fret&Maintenance
f56;VALDENAIRE;Omar;68 pl D'Alger;14140;AUQUAINVILLE;19/05/1991;Paris;Fret&Maintenance
h83;CORDESSE;Florianne;38 pl Amin Mallouf;14630;CAGNY;17/08/1990;Paris;Fret&Maintenance
b159;DUVAL;Charline;77 r Diderot;88170;AOUZE;09/07/1990;Paris;Fret&Maintenance
y42;TURGY;Nicolas;120 pl Mar Foch;85310;CHAILLE SOUS LES ORMEAUX;07/01/1990;Paris;Fret&Maintenance
q108;ZAROUAL;Allyssia;68 bd Poussin;46330;BLARS;13/06/1989;Paris;Fret&Maintenance
h36;LEVASSEUR;Christopher;33 av Vauban;29840;LANDUNVEZ;20/04/1989;Paris;Fret&Maintenance
n33;DUBOIS;Noe;68 r Camus;59730;BEAURAIN;15/03/1989;Paris;Fret&Maintenance
s112;MARCELLI;Jessica;114 av Henry Dunant;59400;ANNEUX;03/11/1988;Paris;Fret&Maintenance
d87;TEIXEIRA;Lucie;105 pl JB Poclain ;71260;AZE;06/06/1988;Paris;Fret&Maintenance
a45;DOGAN;Julien;73 av Baltazar;2160;BEAURIEUX;22/01/1988;Paris;Fret&Maintenance
g5;TONG;Naoures;5 bd Mar Foch;88260;ATTIGNY;13/01/1988;Paris;Fret&Maintenance
c361;DUBOIS;Julie;22 pl Picotière;60650;BLACOURT;08/08/1987;Paris;Fret&Maintenance
d22;TILLIER;Solene;75 bd Vasarelli;31290;AVIGNONET LAURAGAIS;23/01/1987;Paris;Fret&Maintenance
f31;DELAHAYE;Hanah;119 av Aubert Dubayet;46300;ANGLARS NOZAC;26/11/1986;Paris;Fret&Maintenance
k38;BELABED;Yohan;72 r Chateaubriand;51110;AUMENANCOURT;10/04/1986;Paris;Fret&Maintenance
u136;CHARGY;Jonathan;70 bd Victor Hugo;49122;BEGROLLES EN MAUGES;11/06/1985;Paris;Fret&Maintenance
s65;ZIAKAS;Adrien;74 av Etienne Marcel;53250;CHARCHIGNE;29/11/1984;Paris;Fret&Maintenance
p104;ZERE;Pierre;104 pl Molière;51330;BELVAL EN ARGONNE;12/04/1984;Paris;Fret&Maintenance
b90;VOLPI;Marie;24 r de Lyon;39380;AUGERANS;12/06/1983;Paris;Fret&Maintenance
a574;ZTOUTI;Thibaut;44 r Louis XIII;39300;ARDON;17/07/1982;Paris;Fret&Maintenance
b114;ZAROUAL;Phuong Dung;20 pl Richelieu;63117;CHAURIAT;29/04/1982;Paris;Fret&Maintenance
t19;FLOHIC;Marion;117 pl Chateaubriand;12500;BESSUEJOULS;12/04/1982;Paris;Fret&Maintenance
j27;BAMBA;Isiaka;91 bd Dagobert;32270;ANSAN;15/05/1981;Paris;Fret&Maintenance
k85;WOJCIECHOWSKI;Julienne;13 pl Chateaubriand;21210;CHAMPEAU EN MORVAN;09/05/1981;Paris;Fret&Maintenance
n81;VIDAL;Audrey;61 pl de Paris;54450;AMENONCOURT;12/11/1980;Paris;Fret&Maintenance
e30;DEROBERT;Mohamed;14 r Poussin;19260;AFFIEUX;21/09/1980;Paris;Fret&Maintenance
m106;VIVET;Elias;1 av Louis Lumière;25120;CERNAY L EGLISE;08/08/1980;Paris;Fret&Maintenance
m78;MENNECIER;Michael;90 av Aubert Dubayet;69480;AMBERIEUX D AZERGUES;08/11/2011;Paris;Juridique
u139;ASSOSSOU;Remi;84 av Anatole France;32230;ARMENTIEUX;29/06/2011;Paris;Juridique
h54;KOGLER;Estelle;95 pl Bon Repos;48150;GATUZIERES;16/04/2011;Paris;Juridique
j440;AFROUKH;Célia;47 av Albert Camus;19150;CHANAC LES MINES;08/10/2009;Paris;Juridique
u67;GUIBERT;Flavien;4 bd Picotière;66300;BANYULS DELS ASPRES;28/02/2009;Paris;Juridique
r32;PIEDFERT;Olivera;38 pl Anatole France;14370;AIRAN;02/10/2008;Paris;Juridique
s80;IMPINNA;Alexandra;44 av Gabriel Péri;39700;AMANGE;17/05/2007;Paris;Juridique
s12;VALETTE;Chloe;4 bd Baltazar;28130;BOUGLAINVAL;07/05/2007;Paris;Juridique
m58;UNG;Mickael;93 bd Amin Mallouf;65190;BEGOLE;19/02/2005;Paris;Juridique
b206;SCHERLE;Elsa;117 av Jules César;62152;NESLES;24/03/2004;Paris;Juridique
k245;ROGNERUD;Aristide;71 bd Pascale;85480;BOURNEZEAU;28/05/2003;Paris;Juridique
k355;BOULAY;Hajare;28 pl de Lyon;57590;ABONCOURT SUR SEILLE;19/05/2003;Paris;Juridique
u85;ALT;Méhdi;18 r Vauban;43270;ALLEGRE;23/03/2002;Paris;Juridique
v11;BARRE;Alexandre;92 bd Baltazar;58270;ANLEZY;05/10/2001;Paris;Juridique
s116;SURPLY;Johan;74 r Lieut Chabal;53160;BAIS;29/07/2001;Paris;Juridique
r108;RAHAIN;Donia;71 r Jeanne d'Arc;33540;BLASIMON;10/12/2000;Paris;Juridique
v66;BRUNET;Michael;7 r Voltaire;62240;BECOURT;01/11/2000;Paris;Juridique
s34;BENOIT;Vijayashanthiya;110 r de la Mairie;46700;CASSAGNES;19/07/1999;Paris;Juridique
b280;BRONCHY;Pauline;69 r Picotière;65240;ADERVIELLE POUCHERGUES;29/09/1998;Paris;Juridique
h57;MARCHAND;Sophie;79 bd Victor Hugo;50220;CEAUX;03/04/1998;Paris;Juridique
a76;BOURHANI;Camille;28 av Rembrant;8110;BLAGNY;02/09/1997;Paris;Juridique
t47;TIPHAGNE;Patrick;7B r Gay Lussac;62000;ARRAS;29/08/1997;Paris;Juridique
k11;VANDAMME;Josephine;82 bd Vauban;80560;ACHEUX EN AMIENOIS;06/08/1997;Paris;Juridique
b13;BENTOT;Pascal;11 av 6 Juin;67000;STRASBOURG;11/03/1996;Paris;Juridique
h26;SEQUEIRA;Lucile;57 r Jules Vernes;18360;EPINEUIL LE FLEURIEL;03/07/1995;Paris;Juridique
w162;LECLERCQ;Servane;11 r Quinconce;18000;BOURGES;05/06/1995;Paris;Juridique
n59;MAFFEZZOLI;Thibaud;5 r Chateaubriand;2000;LAON;19/12/1994;Paris;Juridique
a30;LETURGEON;Amel;84 r de Lyon;2380;BASSOLES AULERS;22/07/1994;Paris;Juridique
g78;KAROUTZOS;Dylan;118 r Thiers;21330;BALOT;03/05/1993;Paris;Juridique
e111;PLANAS;Hafsa;77 r D'Alger;11300;AJAC;06/01/1993;Paris;Juridique
h40;JUTTARD;Pierre-Raoul;34 cours Jean Jaures;8000;SEDAN;01/11/1992;Paris;Juridique
j72;BESQUENT;Marie-France;31 r Jules César;37240;BOSSEE;19/02/1992;Paris;Juridique
i103;LEMOINE;Xavier;7 pl Alexandre 1er;88140;AINGEVILLE;10/06/1991;Paris;Juridique
s93;LEMARIE;Floriane;118 av Gabriel Péri;59670;BAVINCHOVE;22/04/1990;Paris;Juridique
c27;SEMEDO FERNANDES;Manon;17 av Richelieu;79120;CHENAY;07/04/1989;Paris;Juridique
d97;PRISO-EYOUM;Jennifer;118 r Vasarelli;24150;BADEFOLS SUR DORDOGNE;27/03/1989;Paris;Juridique
h87;LEBLANC;Mickael;36 r Louis XIII;14500;CAMPAGNOLLES;17/03/1988;Paris;Juridique
a223;GUEFREJ;Pauline;35 av Henry Dunant;23290;ST ETIENNE DE FURSAC;29/01/1988;Paris;Juridique
x429;BARASSIN;Julie;28 r Balzac;91700;FLEURY MEROGIS;12/10/1987;Paris;Juridique
q120;NTONI NDO;Maelly;71 pl Henri Dunan;43160;BERBEZIT;08/01/1987;Paris;Juridique
d64;VITOUX-TREBILLON;Stanislas;109 av de la mer;52200;BALESMES SUR MARNE;08/07/1986;Paris;Juridique
l31;BEGHUIN;Jennifer;63 r François 1er;45450;DONNERY;24/06/1986;Paris;Juridique
o110;BATHO;Khadidja;92 bd Victor Hugo;55200;BONCOURT SUR MEUSE;06/08/1984;Paris;Juridique
n5;CARDOT;Zoé;115 bd Poussin;51120;ALLEMANT;12/07/1984;Paris;Juridique
l47;ARSELIN;Kevin;6 av Mar Foch;61160;AUBRY EN EXMES;04/04/1984;Paris;Juridique
r103;MAZE;Mélanie;67 bd Jules Vernes;67204;ACHENHEIM;24/03/1984;Paris;Juridique
v27;MANGA WAMBA;Yanis;91 pl Jules Vernes;72210;CHEMIRE LE GAUDIN;10/10/1983;Paris;Juridique
a57;BESSA GEADA;Amelie;48 r Henri Dunan;44450;BARBECHAT;02/09/1983;Paris;Juridique
v69;VALLET;Kelly;110 bd Vauban;80150;AGENVILLERS;02/07/1983;Paris;Juridique
d119;SAID KOUADRI;Lauretta;115 r Albert Camus;63340;ANTOINGT;28/02/1983;Paris;Juridique
u566;BROCHARD;Maxime;61 r Sidonie Jacolin;31420;ALAN;27/02/1983;Paris;Juridique
w69;KEITA;Léo;14 av Pascale;12800;CABANES;12/05/1982;Paris;Juridique
p48;PEURON;Mathieu;65 r Bob Marley;45360;CERNOY EN BERRY;24/03/1982;Paris;Juridique
l105;HAMON;Celine;99 av George Sand;72240;BERNAY EN CHAMPAGNE;09/09/1981;Paris;Juridique
p114;VIEIRA;Pierre;7 pl Mitterand;17500;AGUDELLE;18/07/2011;Paris;RH
g120;BURCKARD;Mattéo;13 bd Johnny Halliday;56300;KERGRIST;01/12/2010;Paris;RH
o322;CHE;Florian;8 av Mitterand;33190;BAGAS;14/10/2010;Paris;RH
n75;PREVOT;Tristan;81 r Picotière;66720;BELESTA;11/01/2010;Paris;RH
q59;CONQ;Antoine;5 bd D'Alger;47230;BARBASTE;08/05/2009;Paris;RH
d16;DAHALANI;Rachid;47 r Poussin;88270;BAINVILLE AUX SAULES;04/05/2009;Paris;RH
k413;SAHALI;Maiuriga;30 av Foucher;54260;ALLONDRELLE LA MALMAISON;07/04/2009;Paris;RH
h111;DELALANDE;Pierre-Yves;35 pl Victor Hugo;4110;AUBENAS LES ALPES;09/01/2009;Paris;RH
e397;BONNEVEAU;El Mahdi;62 r Mozart;79100;BRIE;12/09/2008;Paris;RH
a88;SOUKKOU;Yann;113 av Dalembert;58230;ALLIGNY EN MORVAN;11/05/2008;Paris;RH
o120;NEKOUROUH;Margot;111 bd Mitterand;59114;EECKE;30/03/2008;Paris;RH
o58;HOTTEBART;Clément;5 av Aubert Dubayet;72170;ASSE LE RIBOUL;20/03/2008;Paris;RH
s67;FERREIRA;Enzo;78 r Dalembert;40410;BELHADE;09/02/2007;Paris;RH
i115;BATAILLE;Josephine;72 pl Monet;35250;ANDOUILLE NEUVILLE;11/09/2006;Paris;RH
l171;BISCH;Antoine;56 av de Lyon;17600;BALANZAC;12/08/2005;Paris;RH
j48;MABIRE;Marie;50 bd Pascale;79240;L ABSIE;01/08/2005;Paris;RH
l61;VANNEAU;Victor;9 r Diderot;95300;ENNERY;16/04/2005;Paris;RH
u60;DE ALBUQUERQUE;Adrien;48 pl des champs;71600;HAUTEFOND;31/01/2005;Paris;RH
h118;DE SA BASTEIRO;Sébastien;6 pl Jules Vernes;80260;ALLONVILLE;24/11/2004;Paris;RH
y29;ERRIGHI;Florence;24 pl G. De Gaule;72380;JOUE L ABBE;04/11/2004;Paris;RH
s106;BOUHARA;Remy;33 bd JB Poclain ;24360;BUSSEROLLES;31/07/2004;Paris;RH
e178;SAUPIN;Coralie;98 pl Lieut Chabal;9230;BAGERT;11/08/2003;Paris;RH
d209;CHAUVEL;Nathalie;89 av Thiers;51800;ARGERS;24/07/2003;Paris;RH
g31;DOMALAIN;Natacha;70 r Vauban;57370;BERLING;23/04/2002;Paris;RH
r67;ZAIET;Nicolas;93 r Foucher;51140;BOUVANCOURT;27/03/2002;Paris;RH
u37;DAUPHIN;Charlene;25 bd Gabriel Péri;88210;BAN DE SAPT;16/10/2001;Paris;RH
w449;PARANT;Aude;6 bd Bonaparte;77370;CHATEAUBLEAU;04/04/2000;Paris;RH
h20;VIROLE;Axel;20 bd La Fontaine;56200;COURNON;10/12/1999;Paris;RH
d67;ROULIER;Arthur;99 pl Henry Dunant;69870;CHAMBOST ALLIERES;28/11/1999;Paris;RH
g30;GIRARD;Yvon;31 av 6 Juin;80000;AMIENS;27/03/1999;Paris;RH
i74;QUENTRIC;Salima;78 bd La Fontaine;47380;MONCLAR;28/10/1998;Paris;RH
w104;FRASSETO;Abdel Aziz;56 r Angus Young;57820;DANNELBOURG;14/10/1998;Paris;RH
r4;GUN;Saad;100 av Foucher;46110;BETAILLE;26/07/1998;Paris;RH
s102;EL IDRISSI;Sacha;99 pl Camus;35420;LA BAZOUGE DU DESERT;16/06/1998;Paris;RH
g27;TRIVIDIC;Alice;118 pl Vauban;12140;CAMPOURIEZ;15/01/1998;Paris;RH
i59;MONNOT;Karine;55 pl Rembrant;40700;ARGELOS;26/03/1997;Paris;RH
e81;TOLLERET-CASSAGNOL;Rim;89 r Albert Camus;76750;BIERVILLE;05/03/1997;Paris;RH
f39;FReMONT;Fernande;4 r Jean Giono;69000;LYON;15/02/1997;Paris;RH
m79;LE FLOCH;Valentin;110 av Mar Foch;89400;BASSOU;15/04/1996;Paris;RH
s44;BOUZBIBA;Johanna;87 pl Angus Young;20110;ARBELLARA;06/09/1995;Paris;RH
g2;FOLLET;Ny Aina;16 r Paul Valéry;37120;ASSAY;03/08/1994;Paris;RH
c100;CNUDDE;Zinabe;21 av Bonaparte;59460;JEUMONT;24/06/1994;Paris;RH
d72;DORCENT;Leo;52 pl Albert Camus;32220;CADEILLAN;29/01/1994;Paris;RH
i27;TOULLEC;Christelle;89 r JB Poclain ;80490;BAILLEUL;11/12/1993;Paris;RH
l12;SAINTON;Isidore;27 r St Gilles;50700;BRIX;20/10/1993;Paris;RH
y167;ANDRIEU;Mohammed Larbi;84 pl de la prairie;6670;CASTAGNIERS;10/10/1993;Paris;RH
d108;MORIN;Barbara;35 av Thiers;50480;AMFREVILLE;24/09/1992;Paris;RH
w15;BEAUCLAIR;Rayan;115 bd Picasso;53140;LA PALLU;13/06/1992;Paris;RH
c3;DE;Philippe;13 r Charles Peguy;10000;TROYES;05/05/1992;Paris;RH
v59;TESSIER;Ariane;14 r Ernest Renan;59570;AUDIGNIES;09/12/1990;Paris;RH
a110;GIRARD;Issam;35 r Voltaire;81210;LACROUZETTE;29/07/1990;Paris;RH
e488;LOPES;Youssra;11 r Jules Vernes;27270;BROGLIE;26/09/1989;Paris;RH
a32;PEREIRA FERNANDES;Nicolas;105 av Charlemagne;87140;CHAMBORET;17/06/1989;Paris;RH
b23;ROGNERUD;Hiba;104 pl Rembrant;64400;AGNOS;12/02/1989;Paris;RH
d71;GACI;Younes;53 r Louis XIII;19150;CHANAC LES MINES;19/08/1988;Paris;RH
e39;DUDOUIT;Frederic;18 quai Xavier Jouvin;75000;PARIS;26/04/1988;Paris;RH
c69;MASMOUDI;Niroshaanth;36 av Picasso;80300;ALBERT;13/11/1986;Paris;RH
q466;QUIGNON;Tressy;3 r Charlemagne;65220;ANTIN;13/07/1986;Paris;RH
d59;LEBRUN;Tawfik;20 av JB Poclain ;24550;BESSE;25/07/1985;Paris;RH
v97;NEVES DE JESUS;Clothilde;35 av de la forêt;25330;AMANCEY;22/05/1984;Paris;RH
m15;AMARO;Jeremy;34 pl George Sand;17130;CHAMOUILLAC;09/04/1984;Paris;RH
i12;COURTET;Marie;79 av Bob Marley;59293;NEUVILLE SUR ESCAUT;27/02/1984;Paris;RH
h101;CIPRIANI;Alexia;116 r Picotière;32140;ARROUEDE;24/01/1984;Paris;RH
x110;THERON;Charlene;44 r Bonaparte;97420;LE PORT;17/09/1982;Paris;RH
l291;CHEVALLIER;Baptiste;66 av Mitterand;17350;ANNEPONT;16/09/1982;Paris;RH
v58;JORGE;Roland;34 pl Chateaubriand;9350;CAMPAGNE SUR ARIZE;15/11/1981;Paris;RH
r99;COLANGELO;Dilhan;90 av Pascale;8370;AUFLANCE;03/11/1981;Paris;RH
w74;DOMENECH;Clara;30 pl Foucher;2540;FONTENELLE EN BRIE;07/07/1981;Paris;RH
k16;COEMELCK;Youssef;106 pl Camus;40310;ARX;08/10/1980;Paris;RH
x28;BEDIN;Geovani;67 bd Dalembert;26230;CHAMARET;26/09/1980;Paris;RH
v74;YOUNIS;Shameel;11 bd Mitterand;19290;BELLECHASSAGNE;01/09/2023;Paris;SIP
d54;BAMOU;Nafissa;11 pl Dalembert;85670;FALLERON;01/09/2023;Paris;SIP
g388;SIDIBÉ;Souleymane;73 bd Monet;86190;AYRON;01/09/2023;Paris;SIP
d12;DERIAS Rayan;DERIAS Rayan;48 r Mazarin;80250;AILLY SUR NOYE;01/09/2023;Paris;SIP
s257;CHARLES ARIVAZHAGAN;Dave;79 r La Fontaine;71960;BERZE LA VILLE;01/09/2023;Paris;SIP
h92;TELHA;Ibrahim;108 av Jules Vernes;49260;ANTOIGNE;01/09/2023;Paris;SIP
c539;RAHMANI;Hamza;98 r Henri Dunan;57220;BANNAY;01/09/2023;Paris;SIP
m89;HAMMA;Rayan;24 pl Nikki de St Phalle;64440;BEOST;01/09/2023;Paris;SIP
j101;MADKOUR;Louay;75 pl Sidonie Jacolin;64390;ABITAIN;01/09/2023;Paris;SIP
h85;VERONIE;Maxime;104 av Amin Mallouf;33290;BLANQUEFORT;01/09/2023;Paris;SIP
c79;FOUQUET;Julien;63 pl Paul Valéry;55800;ANDERNAY;01/09/2022;Paris;SIP
b103;DE JESUS;Théo;106 pl de la prairie;63620;FERNOEL;01/09/2022;Paris;SIP
k4;BEN BRAHAM;Wissal;4 r Bayeux;30000;NIMES;01/09/2022;Paris;SIP
j82;LAMOURI;Redouane;108 bd de Paris;69005;LYON;01/09/2021;Paris;SIP
g142;OZASLAN;Selahattin;28 av George Sand;39250;ARSURE ARSURETTE;01/09/2021;Paris;SIP
k77;PRUNGNAUD;Maximilien;19 r Vivaldi;29790;BEUZEC CAP SIZUN;01/09/2021;Paris;SIP
g98;CRENTSIL;Andrew;44 pl Voltaire;41210;LA FERTE BEAUHARNAIS;01/09/2021;Paris;SIP
q94;BOUHADJER;Samy;68 r Balzac;56490;EVRIGUET;18/03/2007;Paris;SIP
r76;GUILON;Lenny;52 r Sartre;40240;BETBEZER D ARMAGNAC;23/10/1999;Paris;SIP
q9;ROBINET;Damien;64 bd Amin Mallouf;80132;BELLANCOURT;24/06/1998;Paris;SIP
b50;LY HOAI MINH;Nathan;12 r Federico Garcia Lorca;13000;MARSEILLE;18/01/1998;Paris;SIP
n20;DE AMORIM;Hugo;5 pl Lieut Chabal;46130;BELMONT BRETENOUX;04/01/1997;Paris;SIP
w98;CHATELET;Chloé;19 pl Angus Young;41110;CHATEAUVIEUX;10/02/1996;Paris;SIP
c120;SEDDIKI;Mighwar;33 bd Dalembert;73600;FONTAINE LE PUITS;29/12/1994;Paris;SIP
u72;LUCAS;Mona;86 bd Ernest Renan;2160;BEAURIEUX;15/01/2006;Rotterdam;Administration
p287;LOURIAIS;Clémence;94 bd de Lyon;42720;BRIENNON;26/02/2003;Rotterdam;Administration
l5;PICARD;Adrien;29 av Gabriel Péri;21390;AISY SOUS THIL;05/08/2002;Rotterdam;Administration
p41;MONTECOT;Françoise;6 r Paul Valery;17000;SAINTES;27/07/1998;Rotterdam;Administration
n58;LOIRAT;Didier;Les Pechers cite Bourg la Croix;45000;ORLEANS;30/08/1992;Rotterdam;Administration
v92;PINOY;Hugues;52 r François 1er;39600;ABERGEMENT LE GRAND;07/07/1992;Rotterdam;Administration
l534;LOPES;Thomas;111 bd Chateaubriand;39800;ABERGEMENT LE PETIT;11/03/1989;Rotterdam;Administration
a81;NEVES;Jade;52 r Henry Dunant;64150;ABIDOS;23/06/1987;Rotterdam;Administration
l24;OUAI;Eugénie;27 av Diderot;60490;BELLOY;28/08/1985;Rotterdam;Administration
e116;PODAVINI;Julien;93 r Jules Vernes;39800;ABERGEMENT LE PETIT;23/12/1980;Rotterdam;Administration
y69;LEPELE;Léa;69 bd Bonaparte;36500;ARGY;01/04/2006;Rotterdam;Commercial
i511;MABIALA;Aurore;112 av de la forêt;7200;AILHON;24/06/1998;Rotterdam;Commercial
y33;LETELLIER;Manon;31 pl Picasso;77520;CESSOY EN MONTOIS;14/12/1996;Rotterdam;Commercial
u31;LIGNIER;Claudia;79 av Charlemagne;79390;AUBIGNY;08/05/1994;Rotterdam;Commercial
h257;LOREN DE MOURA;Marion;15 bd de l'Eglise;81210;LACROUZETTE;15/12/1990;Rotterdam;Commercial
b95;LEPLANOIS;Walid;61 bd Baltazar;89200;ANNAY LA COTE;11/11/1989;Rotterdam;Commercial
g15;LAMBERT;Samy;102 pl Wassili Kandinski;77123;LE VAUDOUE;09/03/1989;Rotterdam;Commercial
l410;LENTIN;Samantha;8 av Bonaparte;21440;BLIGNY LE SEC;06/06/1988;Rotterdam;Commercial
r143;MAZURIER;Antoine;72 av Capuche;69210;BULLY;17/10/1984;Rotterdam;Commercial
g73;NTONI NDO;Laurent;66 bd de l'Eglise;77169;BOISSY LE CHATEL;19/05/2008;Rotterdam;Communication
m458;OLIVIER;Julie;68 av de Lyon;18190;CHAMBON;01/12/2003;Rotterdam;Communication
s38;PLOBNER;Ymane;88 bd de la Mairie;31290;AVIGNONET LAURAGAIS;16/10/1998;Rotterdam;Communication
y157;PALISSON;Thomas;107 pl Johnny Halliday;57820;DANNELBOURG;15/04/1998;Rotterdam;Communication
o40;PERRONT;Bastien;41 pl de Lyon;33860;DONNEZAC;08/09/1987;Rotterdam;Communication
l39;DA COSTA;Hortense;26 r Balzac;19500;BRANCEILLES;25/05/2011;Rotterdam;Fret&Maintenance
g28;BADULA;Clara;12 pl Vauban;24170;BELVES;14/04/2010;Rotterdam;Fret&Maintenance
y231;BAGHDADI;Victoria;107 bd Vercingétorix;77320;BETON BAZOCHES;01/08/2009;Rotterdam;Fret&Maintenance
k19;BENLAHMAR;Zoé;13 r de la forêt;76190;ALLOUVILLE BELLEFOSSE;19/05/2009;Rotterdam;Fret&Maintenance
u36;BELIN;Camille;84 pl Henri Dunan;3500;BAYET;24/06/2008;Rotterdam;Fret&Maintenance
u46;COLOMER;Ahssen;118 bd Van Gogh;60680;CANLY;18/06/2008;Rotterdam;Fret&Maintenance
f174;ANDREU;Hamza;115 pl G. De Gaule;2240;ALAINCOURT;13/01/2007;Rotterdam;Fret&Maintenance
q64;CARLIER;Wajdi;17 pl Diderot;87300;BELLAC;10/06/2006;Rotterdam;Fret&Maintenance
f27;AKOUN;Manon;1 pl Thiers;2600;ANCIENVILLE;01/08/2005;Rotterdam;Fret&Maintenance
e14;ACHKAR;Alexis;44 pl Etienne Marcel;64120;AICIRITS CAMOU SUHAST;29/10/2004;Rotterdam;Fret&Maintenance
u142;DRUART;Alexia;81 r Salvador Dali;56780;ILE AUX MOINES;22/02/2004;Rotterdam;Fret&Maintenance
w95;BARC;Muriel;78 bd Picotière;88320;AINVELLE;08/01/2004;Rotterdam;Fret&Maintenance
s83;DE SOUSA;Benoit;48 r Rembrant;83890;BESSE SUR ISSOLE;07/10/2003;Rotterdam;Fret&Maintenance
p87;AMAURY;Yanis;37 bd Picotière;54570;FOUG;06/03/2003;Rotterdam;Fret&Maintenance
s103;CRAMBERT;Amélina;67 pl Jules Vernes;57260;ASSENONCOURT;27/07/2002;Rotterdam;Fret&Maintenance
a342;BELAL;Pauline;5 av Chateaubriand;51310;BOUCHY ST GENEST;26/06/2002;Rotterdam;Fret&Maintenance
n363;DELANGLE;Emélie;99 r Jeanne d'Arc;54610;ABAUCOURT SUR SEILLE;17/03/2002;Rotterdam;Fret&Maintenance
i21;AMRIOUI;Amandine;33 bd Voltaire;60350;ATTICHY;15/10/2001;Rotterdam;Fret&Maintenance
k21;ANDREU;Audrey;93 pl George Sand;1100;APREMONT;13/07/2001;Rotterdam;Fret&Maintenance
y64;ASSOR;Antoine;38 bd de la prairie;23260;BASVILLE;07/04/2001;Rotterdam;Fret&Maintenance
k497;AGSOUS;François;46 r Sidonie Jacolin;88800;BELMONT SUR VAIR;10/05/2000;Rotterdam;Fret&Maintenance
r118;ADARDAK;Laura;42 pl Bob Marley;21310;ARCEAU;13/04/2000;Rotterdam;Fret&Maintenance
p116;DELAVAL;Jade;51 bd Monet;27220;BOIS LE ROI;17/02/2000;Rotterdam;Fret&Maintenance
u99;COLLET;Benjamin;78 av St Gilles;14810;GONNEVILLE EN AUGE;02/02/2000;Rotterdam;Fret&Maintenance
f102;ALLICO;Alexis;32 r Sidonie Jacolin;40320;ARBOUCAVE;10/01/2000;Rotterdam;Fret&Maintenance
v110;ALLARD;Alison;105 r G. De Gaule;47800;AGNAC;06/12/1999;Rotterdam;Fret&Maintenance
x90;CATOIR;Phylicia;95 bd Angus Young;21170;AUBIGNY EN PLAINE;24/05/1999;Rotterdam;Fret&Maintenance
h22;BALLESTER;Coline;7 av St Gilles;46230;BACH;04/02/1999;Rotterdam;Fret&Maintenance
d51;DEBROISE;Michel;2 av 6 Juin;70000;VESOUL;18/11/1997;Rotterdam;Fret&Maintenance
j16;BAS;Angelica;77 bd JB Poclain ;60510;BONLIER;27/07/1996;Rotterdam;Fret&Maintenance
y80;AL KERDI;Maylis;62 bd Monet;59320;EMMERIN;01/04/1996;Rotterdam;Fret&Maintenance
n44;CHALARD;Salimata;6 pl Chateaubriand;88170;AOUZE;09/07/1995;Rotterdam;Fret&Maintenance
s61;AGASSE;Eva;45 r Sidonie Jacolin;63500;AULHAT ST PRIVAT;07/07/1995;Rotterdam;Fret&Maintenance
y115;BARBASTE;Florian;87 r Balzac;21370;LANTENAY;05/03/1995;Rotterdam;Fret&Maintenance
s63;AUBRIS;Margaux;104 bd Mozart;62142;ALINCTHUN;14/05/1994;Rotterdam;Fret&Maintenance
n230;ABDOULI;Laura;94 r Amin Mallouf;39300;ARDON;04/04/1994;Rotterdam;Fret&Maintenance
u100;DADURE;Emilie;64 bd Nikki de St Phalle;31210;ARDIEGE;07/11/1993;Rotterdam;Fret&Maintenance
k102;BOUTOILLE-BLOIS;Elisa;83 pl de la mer;73260;AIGUEBLANCHE;09/01/1993;Rotterdam;Fret&Maintenance
d278;AMARO;Stephanie;13 r Mitterand;73190;APREMONT;02/12/1992;Rotterdam;Fret&Maintenance
h499;ACQUATELLA;Lucas;54 r de Paris;62170;AIX EN ISSART;03/08/1991;Rotterdam;Fret&Maintenance
i111;VAN KALKER;Hendrick;86 r Nikki de St Phalle;44170;ABBARETZ;20/02/1991;Rotterdam;Fret&Maintenance
d83;DEFIOLLE;Alexa;38 pl Baltazar;95420;ARTHIES;19/10/1990;Rotterdam;Fret&Maintenance
a379;ANGOT;Lea;85 bd Balzac;67320;ADAMSWILLER;18/03/1990;Rotterdam;Fret&Maintenance
c115;FAUCONNET;Névil;87 bd Aubert Dubayet;82210;ANGEVILLE;28/02/1990;Rotterdam;Fret&Maintenance
p65;AYARI;Marion;111 av Angus Young;57220;BANNAY;04/10/1989;Rotterdam;Fret&Maintenance
e87;BASSOLE;Mathieu;26 r du père Noël;22210;COETLOGON;30/09/1989;Rotterdam;Fret&Maintenance
o71;BOUTILLIER;Arya;22 av Poussin;45110;CHATEAUNEUF SUR LOIRE;26/09/1989;Rotterdam;Fret&Maintenance
a1;BOUTIER;Quentin;120 pl de la forêt;60120;ANSAUVILLERS;09/09/1989;Rotterdam;Fret&Maintenance
x135;BARBIER;Elena;9 bd Poussin;13740;LE ROVE;27/06/1989;Rotterdam;Fret&Maintenance
k71;AICHOUCHE;Romain;85 r Diderot;79410;CHERVEUX;11/02/1989;Rotterdam;Fret&Maintenance
a503;BARDEL;Mehdi;23 pl Anatole France;54200;ANDILLY;08/02/1989;Rotterdam;Fret&Maintenance
u253;AIT KASSI;Alexis;75 r George Sand;21440;BLIGNY LE SEC;12/02/1988;Rotterdam;Fret&Maintenance
k42;AGASSE;Corentin;108 av Sartre;11200;ARGENS MINERVOIS;18/11/1987;Rotterdam;Fret&Maintenance
p34;ABSALON;Kilian;14 bd de Lyon;12400;CALMELS ET LE VIALA;02/09/1987;Rotterdam;Fret&Maintenance
o66;BARASSIN;Mathilde;62 av des champs;97200;FORT DE FRANCE;07/04/1986;Rotterdam;Fret&Maintenance
o109;BARANGER;Alexandre;85 r de la prairie;71510;ALUZE;18/10/1984;Rotterdam;Fret&Maintenance
t96;GRECIET;Anissa;19 av Uma Thurman;51330;BELVAL EN ARGONNE;27/05/1984;Rotterdam;Fret&Maintenance
y269;BATTEUX;Samy;77 pl de la prairie;36140;AIGURANDE;08/07/1983;Rotterdam;Fret&Maintenance
w30;BEKHTI;Jeremy;77 pl Camus;60860;BLICOURT;12/02/1983;Rotterdam;Fret&Maintenance
t91;ANDRIEU;Tifany;91 bd Baudelaire;25550;ALLONDANS;01/10/1982;Rotterdam;Fret&Maintenance
h137;ALAND;Audrey;103 r Jules Vernes;36140;AIGURANDE;09/03/1982;Rotterdam;Fret&Maintenance
p23;KIEFER;Alexandre;38 av Rimbaud;68127;BILTZHEIM;21/02/1982;Rotterdam;Fret&Maintenance
m69;ACHKAR;Lise;28 r Prevert;21400;AISEY SUR SEINE;09/08/1981;Rotterdam;Fret&Maintenance
h81;DUMAY;Gilles;46 bd Mazarin;57580;ADAINCOURT;21/03/1981;Rotterdam;Fret&Maintenance
h151;BARROS;Baptiste;97 r Charlemagne;72190;COULAINES;14/12/1980;Rotterdam;Fret&Maintenance
s95;BARATIER;Emilie;43 r Alexandre 1er;11300;AJAC;16/03/1980;Rotterdam;Fret&Maintenance
y45;TEYSSEDOU;Dilan Philippe;10 r Albert Camus;31480;BELLESSERRE;22/03/2011;Rotterdam;SIP
v79;TRUONG;Léo;114 pl Jules César;74350;ALLONZIER LA CAILLE;09/11/2006;Rotterdam;SIP
b166;TRUGUET;Ludovic;69 bd Anatole France;4300;DAUPHIN;20/02/1996;Rotterdam;SIP
d30;VACHON;Morgane;67 av Albert Camus;47550;BOE;29/02/1984;Rotterdam;SIP
e7;ESAIN;Rachid;49 pl Thiers;90140;AUTRECHENE;06/11/1981;Rotterdam;SIP